path	type	rel_file_path	timestamp	dirty	build	touch_build
/project1/externalizations	table	lib/project1/externalizations.tsv	2025-05-30 13:33:39 UTC			
/project1/video_input	container	lib/project1/video_input.tox	2025-11-05 14:05:02 UTC	False	2	2023.11760
/project1/track_master/trackMasterRaw	table	lib/project1/track_master/trackMasterRaw.csv	2025-05-30 13:33:39 UTC			
/project1/track_master/tools	execute	lib/project1/track_master/tools.py	2025-05-30 13:33:39 UTC			
/project1/track_master/reloadLTCExecute	chopexec	lib/project1/track_master/reloadLTCExecute.py	2025-05-30 13:33:39 UTC			
/project1/track_master/process_cell_update	datexec	lib/project1/track_master/process_cell_update.py	2025-05-30 13:33:39 UTC			
/project1/track_master/constants	table	lib/project1/track_master/constants.dat	2025-05-30 13:33:39 UTC			
/project1/track_master	container	lib/project1/track_master.tox	2025-11-05 13:51:56 UTC	False	5	2023.11760
/project1/start_stop/trigExecute	chopexec	lib/project1/start_stop/trigExecute.py	2025-05-30 13:33:39 UTC			
/project1/start_stop/tools	execute	lib/project1/start_stop/tools.py	2025-05-30 13:33:39 UTC			
/project1/start_stop/startLTC	chopexec	lib/project1/start_stop/startLTC.py	2025-05-30 13:33:39 UTC			
/project1/start_stop/manual_start_exec	chopexec	lib/project1/start_stop/manual_start_exec.py	2025-05-30 13:33:39 UTC			
/project1/start_stop	container	lib/project1/start_stop.tox	2025-09-02 17:28:23 UTC	False	2	2023.11760
/project1/screenshot	container	lib/project1/screenshot.tox	2025-07-09 11:19:58 UTC	False	1	2023.11760
/project1/ma3	container	lib/project1/ma3.tox	2025-07-09 11:19:58 UTC	False	2	2023.11760
/project1/files_out	container	lib/project1/files_out.tox	2025-07-09 11:19:58 UTC	False	2	2023.11760
/project1/deko/table1	table	lib/project1/deko/table1.csv	2025-05-30 13:33:39 UTC			
/project1/deko	container	lib/project1/deko.tox	2025-11-05 14:05:02 UTC	False	2	2023.11760
/project1/audio_input	container	lib/project1/audio_input.tox	2025-11-05 14:14:03 UTC	False	2	2023.11880
/project1	container	lib/project1.tox	2025-11-05 14:14:03 UTC	False	3	2023.11760
/perform	window	lib/perform.tox	2025-07-09 11:19:58 UTC	False	1	2023.11760
/SS_UI_v2/UI_Main/right_feed	container	lib/SS_UI_v2/UI_Main/right_feed.tox	2025-11-05 14:05:02 UTC	False	1	2023.11760
/SS_UI_v2/UI_Main/parameter_save/parameter_table	table	lib/SS_UI_v2/UI_Main/parameter_save/parameter_table.csv	2025-05-30 13:33:39 UTC			
/SS_UI_v2/UI_Main/parameter_save/execute1	execute	lib/SS_UI_v2/UI_Main/parameter_save/execute1.py	2025-05-30 13:33:39 UTC			
/SS_UI_v2/UI_Main/parameter_save	container	lib/SS_UI_v2/UI_Main/parameter_save.tox	2025-07-09 11:19:58 UTC	False	2	2023.11760
/SS_UI_v2/UI_Main/left_data/viewer	select	lib/SS_UI_v2/UI_Main/left_data/viewer.tox	2025-11-05 14:03:51 UTC	False	3	2023.11760
/SS_UI_v2/UI_Main/left_data/view_select/radioButtons0	container	lib/SS_UI_v2/UI_Main/left_data/view_select/radioButtons0.tox	2025-07-09 11:19:58 UTC	False	1	2023.11760
/SS_UI_v2/UI_Main/left_data/view_select	widget	lib/SS_UI_v2/UI_Main/left_data/view_select.tox	2025-07-09 11:19:58 UTC	False	3	2023.11760
/SS_UI_v2/UI_Main/left_data/chopexec1	chopexec	lib/SS_UI_v2/UI_Main/left_data/chopexec1.py	2025-05-30 13:33:39 UTC			
/SS_UI_v2/UI_Main/left_data/VIDEO/screen_capture/display_select	widget	lib/SS_UI_v2/UI_Main/left_data/VIDEO/screen_capture/display_select.tox	2025-07-09 11:19:58 UTC	False	1	2023.11760
/SS_UI_v2/UI_Main/left_data/VIDEO/screen_capture	container	lib/SS_UI_v2/UI_Main/left_data/VIDEO/screen_capture.tox	2025-07-09 11:19:58 UTC	False	1	2023.11760
/SS_UI_v2/UI_Main/left_data/VIDEO/codec	widget	lib/SS_UI_v2/UI_Main/left_data/VIDEO/codec.tox	2025-07-09 11:19:58 UTC	False	1	2023.11760
/SS_UI_v2/UI_Main/left_data/VIDEO/ROI	container	lib/SS_UI_v2/UI_Main/left_data/VIDEO/ROI.tox	2025-11-05 14:05:02 UTC	False	1	2023.11760
/SS_UI_v2/UI_Main/left_data/VIDEO	container	lib/SS_UI_v2/UI_Main/left_data/VIDEO.tox	2025-11-05 14:14:03 UTC	False	2	2023.11760
/SS_UI_v2/UI_Main/left_data/SETTINGS/wavform_4	container	lib/SS_UI_v2/UI_Main/left_data/SETTINGS/wavform_4.tox	2025-07-09 11:19:58 UTC	False	1	2023.11760
/SS_UI_v2/UI_Main/left_data/SETTINGS/wavform_3	container	lib/SS_UI_v2/UI_Main/left_data/SETTINGS/wavform_3.tox	2025-07-09 11:19:58 UTC	False	1	2023.11760
/SS_UI_v2/UI_Main/left_data/SETTINGS/wavform_2	container	lib/SS_UI_v2/UI_Main/left_data/SETTINGS/wavform_2.tox	2025-07-09 11:19:58 UTC	False	1	2023.11760
/SS_UI_v2/UI_Main/left_data/SETTINGS/wavform_1	container	lib/SS_UI_v2/UI_Main/left_data/SETTINGS/wavform_1.tox	2025-07-09 11:19:58 UTC	False	1	2023.11760
/SS_UI_v2/UI_Main/left_data/SETTINGS/toggle_button2	container	lib/SS_UI_v2/UI_Main/left_data/SETTINGS/toggle_button2.tox	2025-07-09 11:19:58 UTC	False	1	2023.11760
/SS_UI_v2/UI_Main/left_data/SETTINGS/toggle_button1	container	lib/SS_UI_v2/UI_Main/left_data/SETTINGS/toggle_button1.tox	2025-11-05 14:14:03 UTC	False	2	2023.11880
/SS_UI_v2/UI_Main/left_data/SETTINGS/split_tc_pgm/chopexec1	chopexec	lib/SS_UI_v2/UI_Main/left_data/SETTINGS/split_tc_pgm/chopexec1.py	2025-05-30 13:33:39 UTC			
/SS_UI_v2/UI_Main/left_data/SETTINGS/split_tc_pgm	container	lib/SS_UI_v2/UI_Main/left_data/SETTINGS/split_tc_pgm.tox	2025-07-09 11:19:58 UTC	False	3	2023.11760
/SS_UI_v2/UI_Main/left_data/SETTINGS/headphone_select/opviewer1	opviewer	lib/SS_UI_v2/UI_Main/left_data/SETTINGS/headphone_select/opviewer1.tox	2025-07-09 11:19:58 UTC	False	1	2023.11760
/SS_UI_v2/UI_Main/left_data/SETTINGS/headphone_select	container	lib/SS_UI_v2/UI_Main/left_data/SETTINGS/headphone_select.tox	2025-07-09 11:19:58 UTC	False	1	2023.11760
/SS_UI_v2/UI_Main/left_data/SETTINGS/delay_ctrl	container	lib/SS_UI_v2/UI_Main/left_data/SETTINGS/delay_ctrl.tox	2025-07-09 11:19:58 UTC	False	1	2023.11760
/SS_UI_v2/UI_Main/left_data/SETTINGS/audio_routing/container1	container	lib/SS_UI_v2/UI_Main/left_data/SETTINGS/audio_routing/container1.tox	2025-07-09 11:19:58 UTC	False	1	2023.11760
/SS_UI_v2/UI_Main/left_data/SETTINGS/audio_routing/audio_select/v_select	container	lib/SS_UI_v2/UI_Main/left_data/SETTINGS/audio_routing/audio_select/v_select.tox	2025-07-09 11:19:58 UTC	False	2	2023.11760
/SS_UI_v2/UI_Main/left_data/SETTINGS/audio_routing/audio_select/selectTCCompare	widget	lib/SS_UI_v2/UI_Main/left_data/SETTINGS/audio_routing/audio_select/selectTCCompare.tox	2025-07-09 11:19:58 UTC	False	2	2023.11760
/SS_UI_v2/UI_Main/left_data/SETTINGS/audio_routing/audio_select/selectTC	widget	lib/SS_UI_v2/UI_Main/left_data/SETTINGS/audio_routing/audio_select/selectTC.tox	2025-07-09 11:19:58 UTC	False	2	2023.11760
/SS_UI_v2/UI_Main/left_data/SETTINGS/audio_routing/audio_select/selectPGMBU	widget	lib/SS_UI_v2/UI_Main/left_data/SETTINGS/audio_routing/audio_select/selectPGMBU.tox	2025-07-09 11:19:58 UTC	False	2	2023.11760
/SS_UI_v2/UI_Main/left_data/SETTINGS/audio_routing/audio_select/selectPGM	widget	lib/SS_UI_v2/UI_Main/left_data/SETTINGS/audio_routing/audio_select/selectPGM.tox	2025-07-09 11:19:58 UTC	False	2	2023.11760
/SS_UI_v2/UI_Main/left_data/SETTINGS/audio_routing/audio_select/ndi_select	container	lib/SS_UI_v2/UI_Main/left_data/SETTINGS/audio_routing/audio_select/ndi_select.tox	2025-07-09 11:19:58 UTC	False	2	2023.11760
/SS_UI_v2/UI_Main/left_data/SETTINGS/audio_routing/audio_select/a_select3	container	lib/SS_UI_v2/UI_Main/left_data/SETTINGS/audio_routing/audio_select/a_select3.tox	2025-07-09 11:19:58 UTC	False	2	2023.11760
/SS_UI_v2/UI_Main/left_data/SETTINGS/audio_routing/audio_select/a_select2	container	lib/SS_UI_v2/UI_Main/left_data/SETTINGS/audio_routing/audio_select/a_select2.tox	2025-07-09 11:19:58 UTC	False	2	2023.11760
/SS_UI_v2/UI_Main/left_data/SETTINGS/audio_routing/audio_select/a_select1	container	lib/SS_UI_v2/UI_Main/left_data/SETTINGS/audio_routing/audio_select/a_select1.tox	2025-07-09 11:19:58 UTC	False	2	2023.11760
/SS_UI_v2/UI_Main/left_data/SETTINGS/audio_routing/audio_select	container	lib/SS_UI_v2/UI_Main/left_data/SETTINGS/audio_routing/audio_select.tox	2025-07-09 11:19:58 UTC	False	1	2023.11760
/SS_UI_v2/UI_Main/left_data/SETTINGS/audio_routing	container	lib/SS_UI_v2/UI_Main/left_data/SETTINGS/audio_routing.tox	2025-07-09 11:19:58 UTC	False	1	2023.11760
/SS_UI_v2/UI_Main/left_data/SETTINGS	container	lib/SS_UI_v2/UI_Main/left_data/SETTINGS.tox	2025-07-09 11:19:58 UTC	False	1	2023.11760
/SS_UI_v2/UI_Main/left_data/MAIN/vertical_vu	container	lib/SS_UI_v2/UI_Main/left_data/MAIN/vertical_vu.tox	2025-07-09 11:19:58 UTC	False	1	2023.11760
/SS_UI_v2/UI_Main/left_data/MAIN/help_me	container	lib/SS_UI_v2/UI_Main/left_data/MAIN/help_me.tox	2025-07-09 11:19:58 UTC	False	1	2023.11760
/SS_UI_v2/UI_Main/left_data/MAIN/buttons/zero	widget	lib/SS_UI_v2/UI_Main/left_data/MAIN/buttons/zero.tox	2025-07-09 11:19:58 UTC	False	1	2023.11760
/SS_UI_v2/UI_Main/left_data/MAIN/buttons/popout	widget	lib/SS_UI_v2/UI_Main/left_data/MAIN/buttons/popout.tox	2025-07-09 11:19:58 UTC	False	1	2023.11760
/SS_UI_v2/UI_Main/left_data/MAIN/buttons	container	lib/SS_UI_v2/UI_Main/left_data/MAIN/buttons.tox	2025-07-09 11:19:58 UTC	False	1	2023.11760
/SS_UI_v2/UI_Main/left_data/MAIN/action_button	container	lib/SS_UI_v2/UI_Main/left_data/MAIN/action_button.tox	2025-07-09 11:19:58 UTC	False	1	2023.11760
/SS_UI_v2/UI_Main/left_data/MAIN/2_audio_things	container	lib/SS_UI_v2/UI_Main/left_data/MAIN/2_audio_things.tox	2025-07-09 11:19:58 UTC	False	1	2023.11760
/SS_UI_v2/UI_Main/left_data/MAIN/1_5_pg_select1/chopexec2	chopexec	lib/SS_UI_v2/UI_Main/left_data/MAIN/1_5_pg_select1/chopexec2.py	2025-05-30 13:33:40 UTC			
/SS_UI_v2/UI_Main/left_data/MAIN/1_5_pg_select1/chopexec1	chopexec	lib/SS_UI_v2/UI_Main/left_data/MAIN/1_5_pg_select1/chopexec1.py	2025-05-30 13:33:40 UTC			
/SS_UI_v2/UI_Main/left_data/MAIN/1_5_pg_select1	container	lib/SS_UI_v2/UI_Main/left_data/MAIN/1_5_pg_select1.tox	2025-07-09 11:19:58 UTC	False	2	2023.11760
/SS_UI_v2/UI_Main/left_data/MAIN/0_track_master2	container	lib/SS_UI_v2/UI_Main/left_data/MAIN/0_track_master2.tox	2025-07-09 11:45:14 UTC	False	3	2023.11760
/SS_UI_v2/UI_Main/left_data/MAIN/0_record_long	container	lib/SS_UI_v2/UI_Main/left_data/MAIN/0_record_long.tox	2025-07-09 11:19:58 UTC	False	1	2023.11760
/SS_UI_v2/UI_Main/left_data/MAIN/0_record	container	lib/SS_UI_v2/UI_Main/left_data/MAIN/0_record.tox	2025-07-09 11:19:58 UTC	False	1	2023.11760
/SS_UI_v2/UI_Main/left_data/MAIN	container	lib/SS_UI_v2/UI_Main/left_data/MAIN.tox	2025-11-05 14:05:02 UTC	False	1	2023.11760
/SS_UI_v2/UI_Main/left_data	container	lib/SS_UI_v2/UI_Main/left_data.tox	2025-11-05 14:14:03 UTC	False	2	2023.11760
/SS_UI_v2/UI_Main	container	lib/SS_UI_v2/UI_Main.tox	2025-07-09 11:19:58 UTC	False	1	2023.11760
/SS_UI_v2	container	lib/SS_UI_v2.tox	2025-07-09 11:19:58 UTC	False	1	2023.11760
/project1/screen_capture	container	lib/project1/screen_capture.tox	2025-07-09 11:19:58 UTC	False	1	2023.11760
/project1/Embody/window_tagging_menu	window	lib/project1/Embody/window_tagging_menu.tox	2025-11-05 14:14:03 UTC	False	1	2023.11760
/project1/Embody/window_manager	window	lib/project1/Embody/window_manager.tox	2025-07-09 11:19:58 UTC	False	1	2023.11760
/project1/Embody/toolbar/parexec1	parexec	lib/project1/Embody/toolbar/parexec1.py	2025-05-30 13:34:35 UTC			
/project1/Embody/toolbar/container_right/valueParExec6	parexec	lib/project1/Embody/toolbar/container_right/valueParExec6.py	2025-05-30 13:34:35 UTC			
/project1/Embody/toolbar/container_right/valueParExec5	parexec	lib/project1/Embody/toolbar/container_right/valueParExec5.py	2025-05-30 13:34:35 UTC			
/project1/Embody/toolbar/container_right/valueParExec	parexec	lib/project1/Embody/toolbar/container_right/valueParExec.py	2025-05-30 13:34:35 UTC			
/project1/Embody/toolbar/container_right	container	lib/project1/Embody/toolbar/container_right.tox	2025-11-05 14:14:03 UTC	False	1	2023.11760
/project1/Embody/toolbar/container_left/valueParExec7	parexec	lib/project1/Embody/toolbar/container_left/valueParExec7.py	2025-05-30 13:34:35 UTC			
/project1/Embody/toolbar/container_left/valueParExec6	parexec	lib/project1/Embody/toolbar/container_left/valueParExec6.py	2025-05-30 13:34:35 UTC			
/project1/Embody/toolbar/container_left/valueParExec5	parexec	lib/project1/Embody/toolbar/container_left/valueParExec5.py	2025-05-30 13:34:35 UTC			
/project1/Embody/toolbar/container_left/valueParExec4	parexec	lib/project1/Embody/toolbar/container_left/valueParExec4.py	2025-05-30 13:34:35 UTC			
/project1/Embody/toolbar/container_left/valueParExec3	parexec	lib/project1/Embody/toolbar/container_left/valueParExec3.py	2025-05-30 13:34:35 UTC			
/project1/Embody/toolbar/container_left	container	lib/project1/Embody/toolbar/container_left.tox	2025-07-09 11:19:58 UTC	False	1	2023.11760
/project1/Embody/toolbar	container	lib/project1/Embody/toolbar.tox	2025-07-09 11:19:58 UTC	False	1	2023.11760
/project1/Embody/timer1_callbacks	text	lib/project1/Embody/timer1_callbacks.py	2025-05-30 13:34:35 UTC			
/project1/Embody/tagger/replicator1_callbacks	text	lib/project1/Embody/tagger/replicator1_callbacks.py	2025-05-30 13:34:35 UTC			
/project1/Embody/tagger/replicator1	replicator	lib/project1/Embody/tagger/replicator1.tox	2025-07-09 11:19:58 UTC	False	1	2023.11760
/project1/Embody/tagger/header/text1_callbacks	text	lib/project1/Embody/tagger/header/text1_callbacks.py	2025-05-30 13:34:35 UTC			
/project1/Embody/tagger/header/text1	text	lib/project1/Embody/tagger/header/text1.tox	2025-07-09 11:19:58 UTC	False	1	2023.11760
/project1/Embody/tagger/header	container	lib/project1/Embody/tagger/header.tox	2025-07-09 11:19:58 UTC	False	1	2023.11760
/project1/Embody/tagger	container	lib/project1/Embody/tagger.tox	2025-07-09 11:19:58 UTC	False	1	2023.11760
/project1/Embody/parexec1	parexec	lib/project1/Embody/parexec1.py	2025-05-30 13:34:35 UTC			
/project1/Embody/manager	container	lib/project1/Embody/manager.tox	2025-07-09 11:19:58 UTC	False	1	2023.11760
/project1/Embody/list/treeListerConfig/rowSelect_textCOMP_callbacks	text	lib/project1/Embody/list/treeListerConfig/rowSelect_textCOMP_callbacks.py	2025-05-30 13:34:35 UTC			
/project1/Embody/list/treeListerConfig/rowSelect	text	lib/project1/Embody/list/treeListerConfig/rowSelect.tox	2025-07-09 11:19:58 UTC	False	1	2023.11760
/project1/Embody/list/treeListerConfig/rowRoll_textCOMP_callbacks	text	lib/project1/Embody/list/treeListerConfig/rowRoll_textCOMP_callbacks.py	2025-05-30 13:34:35 UTC			
/project1/Embody/list/treeListerConfig/rowRoll	text	lib/project1/Embody/list/treeListerConfig/rowRoll.tox	2025-07-09 11:19:58 UTC	False	1	2023.11760
/project1/Embody/list/treeListerConfig/rowError_textCOMP_callbacks	text	lib/project1/Embody/list/treeListerConfig/rowError_textCOMP_callbacks.py	2025-05-30 13:34:35 UTC			
/project1/Embody/list/treeListerConfig/rowError	text	lib/project1/Embody/list/treeListerConfig/rowError.tox	2025-07-09 11:19:58 UTC	False	1	2023.11760
/project1/Embody/list/treeListerConfig/master_textCOMP_callbacks	text	lib/project1/Embody/list/treeListerConfig/master_textCOMP_callbacks.py	2025-05-30 13:34:35 UTC			
/project1/Embody/list/treeListerConfig/master	text	lib/project1/Embody/list/treeListerConfig/master.tox	2025-07-09 11:19:58 UTC	False	1	2023.11760
/project1/Embody/list/treeListerConfig/label_textCOMP_callbacks	text	lib/project1/Embody/list/treeListerConfig/label_textCOMP_callbacks.py	2025-05-30 13:34:35 UTC			
/project1/Embody/list/treeListerConfig/label	text	lib/project1/Embody/list/treeListerConfig/label.tox	2025-07-09 11:19:58 UTC	False	1	2023.11760
/project1/Embody/list/treeListerConfig/indent_textCOMP_callbacks	text	lib/project1/Embody/list/treeListerConfig/indent_textCOMP_callbacks.py	2025-05-30 13:34:35 UTC			
/project1/Embody/list/treeListerConfig/indent	text	lib/project1/Embody/list/treeListerConfig/indent.tox	2025-07-09 11:19:58 UTC	False	1	2023.11760
/project1/Embody/list/treeListerConfig/header_textCOMP_callbacks	text	lib/project1/Embody/list/treeListerConfig/header_textCOMP_callbacks.py	2025-05-30 13:34:35 UTC			
/project1/Embody/list/treeListerConfig/headerSelect_textCOMP_callbacks	text	lib/project1/Embody/list/treeListerConfig/headerSelect_textCOMP_callbacks.py	2025-05-30 13:34:35 UTC			
/project1/Embody/list/treeListerConfig/headerSelect	text	lib/project1/Embody/list/treeListerConfig/headerSelect.tox	2025-07-09 11:19:58 UTC	False	1	2023.11760
/project1/Embody/list/treeListerConfig/headerRoll_textCOMP_callbacks	text	lib/project1/Embody/list/treeListerConfig/headerRoll_textCOMP_callbacks.py	2025-05-30 13:34:35 UTC			
/project1/Embody/list/treeListerConfig/headerRoll	text	lib/project1/Embody/list/treeListerConfig/headerRoll.tox	2025-07-09 11:19:58 UTC	False	1	2023.11760
/project1/Embody/list/treeListerConfig/headerPress_textCOMP_callbacks	text	lib/project1/Embody/list/treeListerConfig/headerPress_textCOMP_callbacks.py	2025-05-30 13:34:35 UTC			
/project1/Embody/list/treeListerConfig/headerPress	text	lib/project1/Embody/list/treeListerConfig/headerPress.tox	2025-07-09 11:19:58 UTC	False	1	2023.11760
/project1/Embody/list/treeListerConfig/header	text	lib/project1/Embody/list/treeListerConfig/header.tox	2025-07-09 11:19:58 UTC	False	1	2023.11760
/project1/Embody/list/treeListerConfig/expando_textCOMP_callbacks	text	lib/project1/Embody/list/treeListerConfig/expando_textCOMP_callbacks.py	2025-05-30 13:34:35 UTC			
/project1/Embody/list/treeListerConfig/expandoRoll_textCOMP_callbacks	text	lib/project1/Embody/list/treeListerConfig/expandoRoll_textCOMP_callbacks.py	2025-05-30 13:34:35 UTC			
/project1/Embody/list/treeListerConfig/expandoRoll	text	lib/project1/Embody/list/treeListerConfig/expandoRoll.tox	2025-07-09 11:19:58 UTC	False	1	2023.11760
/project1/Embody/list/treeListerConfig/expandoPress_textCOMP_callbacks	text	lib/project1/Embody/list/treeListerConfig/expandoPress_textCOMP_callbacks.py	2025-05-30 13:34:35 UTC			
/project1/Embody/list/treeListerConfig/expandoPress	text	lib/project1/Embody/list/treeListerConfig/expandoPress.tox	2025-07-09 11:19:58 UTC	False	1	2023.11760
/project1/Embody/list/treeListerConfig/expando	text	lib/project1/Embody/list/treeListerConfig/expando.tox	2025-07-09 11:19:58 UTC	False	1	2023.11760
/project1/Embody/list/treeListerConfig/define	table	lib/project1/Embody/list/treeListerConfig/define.tsv	2025-05-30 13:34:35 UTC			
/project1/Embody/list/treeListerConfig/colDefine	table	lib/project1/Embody/list/treeListerConfig/colDefine.tsv	2025-05-30 13:34:35 UTC			
/project1/Embody/list/treeListerConfig/callbacks	text	lib/project1/Embody/list/treeListerConfig/callbacks.py	2025-05-30 13:34:35 UTC			
/project1/Embody/list/treeListerConfig/button_textCOMP_callbacks	text	lib/project1/Embody/list/treeListerConfig/button_textCOMP_callbacks.py	2025-05-30 13:34:35 UTC			
/project1/Embody/list/treeListerConfig/buttonRoll_textCOMP_callbacks	text	lib/project1/Embody/list/treeListerConfig/buttonRoll_textCOMP_callbacks.py	2025-05-30 13:34:35 UTC			
/project1/Embody/list/treeListerConfig/buttonRoll	text	lib/project1/Embody/list/treeListerConfig/buttonRoll.tox	2025-07-09 11:19:58 UTC	False	1	2023.11760
/project1/Embody/list/treeListerConfig/buttonPress_textCOMP_callbacks	text	lib/project1/Embody/list/treeListerConfig/buttonPress_textCOMP_callbacks.py	2025-05-30 13:34:35 UTC			
/project1/Embody/list/treeListerConfig/buttonPress	text	lib/project1/Embody/list/treeListerConfig/buttonPress.tox	2025-07-09 11:19:58 UTC	False	1	2023.11760
/project1/Embody/list/treeListerConfig/button	text	lib/project1/Embody/list/treeListerConfig/button.tox	2025-07-09 11:19:58 UTC	False	1	2023.11760
/project1/Embody/list/treeListerConfig/autoColDefineDefaults	table	lib/project1/Embody/list/treeListerConfig/autoColDefineDefaults.tsv	2025-05-30 13:34:35 UTC			
/project1/Embody/list/treeListerConfig	base	lib/project1/Embody/list/treeListerConfig.tox	2025-07-09 11:19:58 UTC	False	1	2023.11760
/project1/Embody/list	container	lib/project1/Embody/list.tox	2025-07-09 11:19:58 UTC	False	1	2023.11760
/project1/Embody/keyboardin1_callbacks	text	lib/project1/Embody/keyboardin1_callbacks.txt	2025-05-30 13:34:35 UTC			
/project1/Embody/help/text_help	text	lib/project1/Embody/help/text_help.txt	2025-05-30 13:34:35 UTC			
/project1/Embody/help	opviewer	lib/project1/Embody/help.tox	2025-07-09 11:19:58 UTC	False	1	2023.11760
/project1/Embody/execute1	execute	lib/project1/Embody/execute1.py	2025-05-30 13:34:35 UTC			
/project1/Embody/chopexec_exit_tagger	chopexec	lib/project1/Embody/chopexec_exit_tagger.py	2025-05-30 13:34:35 UTC			
/project1/Embody/EmbodyExt	text	lib/project1/Embody/EmbodyExt.py	2025-05-30 13:34:35 UTC			
/project1/Embody	container	lib/project1/Embody.tox	2025-11-05 14:14:03 UTC	Par	4	2023.11760
/SS_UI_v2/UI_Main/left_data/SETTINGS/split_tc_pgm/chopexec2	chopexec	lib/SS_UI_v2/UI_Main/left_data/SETTINGS/split_tc_pgm/chopexec2.py	2025-06-30 00:38:20 UTC			
/project1/track_master/track_master_window	window	lib/project1/track_master/track_master_window.tox	2025-11-05 14:15:07 UTC	False	1	2023.11760
/project1/track_master/table1	table	lib/project1/track_master/table1.tsv	2025-11-05 14:15:07 UTC			
/project1/track_master/name	table	lib/project1/track_master/name.tsv	2025-11-05 14:15:07 UTC			
/project1/start_stop/timer5_callbacks	text	lib/project1/start_stop/timer5_callbacks.txt	2025-11-05 14:15:07 UTC			
/project1/start_stop/timer4_callbacks	text	lib/project1/start_stop/timer4_callbacks.txt	2025-11-05 14:15:07 UTC			
/project1/start_stop/timer3_callbacks	text	lib/project1/start_stop/timer3_callbacks.txt	2025-11-05 14:15:07 UTC			
/project1/start_stop/timer2_callbacks	text	lib/project1/start_stop/timer2_callbacks.txt	2025-11-05 14:15:07 UTC			
/project1/start_stop/currentLTC	table	lib/project1/start_stop/currentLTC.tsv	2025-11-05 14:15:07 UTC			
/project1/screenshot/window1	window	lib/project1/screenshot/window1.tox	2025-11-05 14:15:07 UTC	False	1	2023.11760
/project1/screenshot/timer1_callbacks	text	lib/project1/screenshot/timer1_callbacks.py	2025-11-05 14:15:07 UTC			
/project1/ma3/oscin1_callbacks	text	lib/project1/ma3/oscin1_callbacks.py	2025-11-05 14:15:07 UTC			
/project1/audio_input/ndiin1_grouptable	table	lib/project1/audio_input/ndiin1_grouptable.tsv	2025-11-05 14:15:07 UTC			
/SS_UI_v2/UI_Main/left_data/VIDEO/screen_capture/zoom_slider	container	lib/SS_UI_v2/UI_Main/left_data/VIDEO/screen_capture/zoom_slider.tox	2025-11-05 14:15:07 UTC	False	1	2023.11760
/SS_UI_v2/UI_Main/left_data/VIDEO/screen_capture/sourceMenuTable	table	lib/SS_UI_v2/UI_Main/left_data/VIDEO/screen_capture/sourceMenuTable.tsv	2025-11-05 14:15:07 UTC			
/SS_UI_v2/UI_Main/left_data/VIDEO/screen_capture/populate_source_menu	text	lib/SS_UI_v2/UI_Main/left_data/VIDEO/screen_capture/populate_source_menu.txt	2025-11-05 14:15:07 UTC			
/SS_UI_v2/UI_Main/left_data/VIDEO/screen_capture/null1_export	table	lib/SS_UI_v2/UI_Main/left_data/VIDEO/screen_capture/null1_export.tsv	2025-11-05 14:15:07 UTC			
/SS_UI_v2/UI_Main/left_data/VIDEO/screen_capture/execute1	execute	lib/SS_UI_v2/UI_Main/left_data/VIDEO/screen_capture/execute1.py	2025-11-05 14:15:07 UTC			
/SS_UI_v2/UI_Main/left_data/VIDEO/codec_menu	table	lib/SS_UI_v2/UI_Main/left_data/VIDEO/codec_menu.tsv	2025-11-05 14:15:07 UTC			
/SS_UI_v2/UI_Main/left_data/VIDEO/ROI/zoom_slider	container	lib/SS_UI_v2/UI_Main/left_data/VIDEO/ROI/zoom_slider.tox	2025-11-05 14:15:07 UTC	False	1	2023.11760
/SS_UI_v2/UI_Main/left_data/VIDEO/ROI/V_adjust	container	lib/SS_UI_v2/UI_Main/left_data/VIDEO/ROI/V_adjust.tox	2025-11-05 14:15:07 UTC	False	1	2023.11760
/SS_UI_v2/UI_Main/left_data/VIDEO/ROI/H_adjust	container	lib/SS_UI_v2/UI_Main/left_data/VIDEO/ROI/H_adjust.tox	2025-11-05 14:15:07 UTC	False	1	2023.11760
/SS_UI_v2/UI_Main/left_data/VIDEO/NDI_toggles/table1	table	lib/SS_UI_v2/UI_Main/left_data/VIDEO/NDI_toggles/table1.tsv	2025-11-05 14:15:07 UTC			
/SS_UI_v2/UI_Main/left_data/VIDEO/NDI_toggles	container	lib/SS_UI_v2/UI_Main/left_data/VIDEO/NDI_toggles.tox	2025-11-05 14:15:07 UTC	False	1	2023.11760
/SS_UI_v2/UI_Main/left_data/VIDEO/Color_Correction/saturation_slider	container	lib/SS_UI_v2/UI_Main/left_data/VIDEO/Color_Correction/saturation_slider.tox	2025-11-05 14:15:07 UTC	False	1	2023.11760
/SS_UI_v2/UI_Main/left_data/VIDEO/Color_Correction/brightness_slider	container	lib/SS_UI_v2/UI_Main/left_data/VIDEO/Color_Correction/brightness_slider.tox	2025-11-05 14:15:07 UTC	False	1	2023.11760
/SS_UI_v2/UI_Main/left_data/VIDEO/Color_Correction	container	lib/SS_UI_v2/UI_Main/left_data/VIDEO/Color_Correction.tox	2025-11-05 14:15:07 UTC	False	1	2023.11760
/SS_UI_v2/UI_Main/left_data/VIDEO/COLORPICKER/TOP/TRIANGLE/TRIANGLERENDER/stop	text	lib/SS_UI_v2/UI_Main/left_data/VIDEO/COLORPICKER/TOP/TRIANGLE/TRIANGLERENDER/stop.txt	2025-11-05 14:15:07 UTC			
/SS_UI_v2/UI_Main/left_data/VIDEO/COLORPICKER/TOP/TRIANGLE/TRIANGLERENDER/start	text	lib/SS_UI_v2/UI_Main/left_data/VIDEO/COLORPICKER/TOP/TRIANGLE/TRIANGLERENDER/start.txt	2025-11-05 14:15:07 UTC			
/SS_UI_v2/UI_Main/left_data/VIDEO/COLORPICKER/TOP/TRIANGLE/TRIANGLERENDER/reset	text	lib/SS_UI_v2/UI_Main/left_data/VIDEO/COLORPICKER/TOP/TRIANGLE/TRIANGLERENDER/reset.txt	2025-11-05 14:15:07 UTC			
/SS_UI_v2/UI_Main/left_data/VIDEO/COLORPICKER/TOP/TRIANGLE/TRIANGLERENDER/parexec1	parexec	lib/SS_UI_v2/UI_Main/left_data/VIDEO/COLORPICKER/TOP/TRIANGLE/TRIANGLERENDER/parexec1.py	2025-11-05 14:15:07 UTC			
/SS_UI_v2/UI_Main/left_data/VIDEO/COLORPICKER/TOP/TRIANGLE/TRIANGLERENDER/load	text	lib/SS_UI_v2/UI_Main/left_data/VIDEO/COLORPICKER/TOP/TRIANGLE/TRIANGLERENDER/load.txt	2025-11-05 14:15:07 UTC			
/SS_UI_v2/UI_Main/left_data/VIDEO/COLORPICKER/TOP/TRIANGLE/TRIANGLERENDER/geo2	geo	lib/SS_UI_v2/UI_Main/left_data/VIDEO/COLORPICKER/TOP/TRIANGLE/TRIANGLERENDER/geo2.tox	2025-11-05 14:15:07 UTC	False	1	2023.11760
/SS_UI_v2/UI_Main/left_data/VIDEO/COLORPICKER/TOP/TRIANGLE/TRIANGLERENDER/geo1	geo	lib/SS_UI_v2/UI_Main/left_data/VIDEO/COLORPICKER/TOP/TRIANGLE/TRIANGLERENDER/geo1.tox	2025-11-05 14:15:07 UTC	False	1	2023.11760
/SS_UI_v2/UI_Main/left_data/VIDEO/COLORPICKER/TOP/TRIANGLE/TRIANGLERENDER/cam1	cam	lib/SS_UI_v2/UI_Main/left_data/VIDEO/COLORPICKER/TOP/TRIANGLE/TRIANGLERENDER/cam1.tox	2025-11-05 14:15:07 UTC	False	1	2023.11760
/SS_UI_v2/UI_Main/left_data/VIDEO/COLORPICKER/TOP/TRIANGLE/TRIANGLERENDER/SETTINGS	base	lib/SS_UI_v2/UI_Main/left_data/VIDEO/COLORPICKER/TOP/TRIANGLE/TRIANGLERENDER/SETTINGS.tox	2025-11-05 14:15:07 UTC	False	1	2023.11760
/SS_UI_v2/UI_Main/left_data/VIDEO/COLORPICKER/TOP/TRIANGLE/TRIANGLERENDER	base	lib/SS_UI_v2/UI_Main/left_data/VIDEO/COLORPICKER/TOP/TRIANGLE/TRIANGLERENDER.tox	2025-11-05 14:15:07 UTC	False	1	2023.11760
/SS_UI_v2/UI_Main/left_data/VIDEO/COLORPICKER/TOP/TRIANGLE/TRIANGLEPOSITION/stop	text	lib/SS_UI_v2/UI_Main/left_data/VIDEO/COLORPICKER/TOP/TRIANGLE/TRIANGLEPOSITION/stop.txt	2025-11-05 14:15:07 UTC			
/SS_UI_v2/UI_Main/left_data/VIDEO/COLORPICKER/TOP/TRIANGLE/TRIANGLEPOSITION/start	text	lib/SS_UI_v2/UI_Main/left_data/VIDEO/COLORPICKER/TOP/TRIANGLE/TRIANGLEPOSITION/start.txt	2025-11-05 14:15:07 UTC			
/SS_UI_v2/UI_Main/left_data/VIDEO/COLORPICKER/TOP/TRIANGLE/TRIANGLEPOSITION/reset	text	lib/SS_UI_v2/UI_Main/left_data/VIDEO/COLORPICKER/TOP/TRIANGLE/TRIANGLEPOSITION/reset.txt	2025-11-05 14:15:07 UTC			
/SS_UI_v2/UI_Main/left_data/VIDEO/COLORPICKER/TOP/TRIANGLE/TRIANGLEPOSITION/parexec1	parexec	lib/SS_UI_v2/UI_Main/left_data/VIDEO/COLORPICKER/TOP/TRIANGLE/TRIANGLEPOSITION/parexec1.py	2025-11-05 14:15:07 UTC			
/SS_UI_v2/UI_Main/left_data/VIDEO/COLORPICKER/TOP/TRIANGLE/TRIANGLEPOSITION/load	text	lib/SS_UI_v2/UI_Main/left_data/VIDEO/COLORPICKER/TOP/TRIANGLE/TRIANGLEPOSITION/load.txt	2025-11-05 14:15:07 UTC			
/SS_UI_v2/UI_Main/left_data/VIDEO/COLORPICKER/TOP/TRIANGLE/TRIANGLEPOSITION/chopexec2	chopexec	lib/SS_UI_v2/UI_Main/left_data/VIDEO/COLORPICKER/TOP/TRIANGLE/TRIANGLEPOSITION/chopexec2.py	2025-11-05 14:15:07 UTC			
/SS_UI_v2/UI_Main/left_data/VIDEO/COLORPICKER/TOP/TRIANGLE/TRIANGLEPOSITION/chopexec1	chopexec	lib/SS_UI_v2/UI_Main/left_data/VIDEO/COLORPICKER/TOP/TRIANGLE/TRIANGLEPOSITION/chopexec1.py	2025-11-05 14:15:07 UTC			
/SS_UI_v2/UI_Main/left_data/VIDEO/COLORPICKER/TOP/TRIANGLE/TRIANGLEPOSITION/base1/pos_9/stop	text	lib/SS_UI_v2/UI_Main/left_data/VIDEO/COLORPICKER/TOP/TRIANGLE/TRIANGLEPOSITION/base1/pos_9/stop.txt	2025-11-05 14:15:07 UTC			
/SS_UI_v2/UI_Main/left_data/VIDEO/COLORPICKER/TOP/TRIANGLE/TRIANGLEPOSITION/base1/pos_9/start	text	lib/SS_UI_v2/UI_Main/left_data/VIDEO/COLORPICKER/TOP/TRIANGLE/TRIANGLEPOSITION/base1/pos_9/start.txt	2025-11-05 14:15:07 UTC			
/SS_UI_v2/UI_Main/left_data/VIDEO/COLORPICKER/TOP/TRIANGLE/TRIANGLEPOSITION/base1/pos_9/reset	text	lib/SS_UI_v2/UI_Main/left_data/VIDEO/COLORPICKER/TOP/TRIANGLE/TRIANGLEPOSITION/base1/pos_9/reset.txt	2025-11-05 14:15:07 UTC			
/SS_UI_v2/UI_Main/left_data/VIDEO/COLORPICKER/TOP/TRIANGLE/TRIANGLEPOSITION/base1/pos_9/parexec1	parexec	lib/SS_UI_v2/UI_Main/left_data/VIDEO/COLORPICKER/TOP/TRIANGLE/TRIANGLEPOSITION/base1/pos_9/parexec1.py	2025-11-05 14:15:07 UTC			
/SS_UI_v2/UI_Main/left_data/VIDEO/COLORPICKER/TOP/TRIANGLE/TRIANGLEPOSITION/base1/pos_9/load	text	lib/SS_UI_v2/UI_Main/left_data/VIDEO/COLORPICKER/TOP/TRIANGLE/TRIANGLEPOSITION/base1/pos_9/load.txt	2025-11-05 14:15:07 UTC			
/SS_UI_v2/UI_Main/left_data/VIDEO/COLORPICKER/TOP/TRIANGLE/TRIANGLEPOSITION/base1/pos_9/SETTINGS	base	lib/SS_UI_v2/UI_Main/left_data/VIDEO/COLORPICKER/TOP/TRIANGLE/TRIANGLEPOSITION/base1/pos_9/SETTINGS.tox	2025-11-05 14:15:07 UTC	False	1	2023.11760
/SS_UI_v2/UI_Main/left_data/VIDEO/COLORPICKER/TOP/TRIANGLE/TRIANGLEPOSITION/base1/pos_9	base	lib/SS_UI_v2/UI_Main/left_data/VIDEO/COLORPICKER/TOP/TRIANGLE/TRIANGLEPOSITION/base1/pos_9.tox	2025-11-05 14:15:07 UTC	False	1	2023.11760
/SS_UI_v2/UI_Main/left_data/VIDEO/COLORPICKER/TOP/TRIANGLE/TRIANGLEPOSITION/base1/pos_8/stop	text	lib/SS_UI_v2/UI_Main/left_data/VIDEO/COLORPICKER/TOP/TRIANGLE/TRIANGLEPOSITION/base1/pos_8/stop.txt	2025-11-05 14:15:07 UTC			
/SS_UI_v2/UI_Main/left_data/VIDEO/COLORPICKER/TOP/TRIANGLE/TRIANGLEPOSITION/base1/pos_8/start	text	lib/SS_UI_v2/UI_Main/left_data/VIDEO/COLORPICKER/TOP/TRIANGLE/TRIANGLEPOSITION/base1/pos_8/start.txt	2025-11-05 14:15:07 UTC			
/SS_UI_v2/UI_Main/left_data/VIDEO/COLORPICKER/TOP/TRIANGLE/TRIANGLEPOSITION/base1/pos_8/reset	text	lib/SS_UI_v2/UI_Main/left_data/VIDEO/COLORPICKER/TOP/TRIANGLE/TRIANGLEPOSITION/base1/pos_8/reset.txt	2025-11-05 14:15:07 UTC			
/SS_UI_v2/UI_Main/left_data/VIDEO/COLORPICKER/TOP/TRIANGLE/TRIANGLEPOSITION/base1/pos_8/parexec1	parexec	lib/SS_UI_v2/UI_Main/left_data/VIDEO/COLORPICKER/TOP/TRIANGLE/TRIANGLEPOSITION/base1/pos_8/parexec1.py	2025-11-05 14:15:07 UTC			
/SS_UI_v2/UI_Main/left_data/VIDEO/COLORPICKER/TOP/TRIANGLE/TRIANGLEPOSITION/base1/pos_8/load	text	lib/SS_UI_v2/UI_Main/left_data/VIDEO/COLORPICKER/TOP/TRIANGLE/TRIANGLEPOSITION/base1/pos_8/load.txt	2025-11-05 14:15:07 UTC			
/SS_UI_v2/UI_Main/left_data/VIDEO/COLORPICKER/TOP/TRIANGLE/TRIANGLEPOSITION/base1/pos_8/SETTINGS	base	lib/SS_UI_v2/UI_Main/left_data/VIDEO/COLORPICKER/TOP/TRIANGLE/TRIANGLEPOSITION/base1/pos_8/SETTINGS.tox	2025-11-05 14:15:07 UTC	False	1	2023.11760
/SS_UI_v2/UI_Main/left_data/VIDEO/COLORPICKER/TOP/TRIANGLE/TRIANGLEPOSITION/base1/pos_8	base	lib/SS_UI_v2/UI_Main/left_data/VIDEO/COLORPICKER/TOP/TRIANGLE/TRIANGLEPOSITION/base1/pos_8.tox	2025-11-05 14:15:07 UTC	False	1	2023.11760
/SS_UI_v2/UI_Main/left_data/VIDEO/COLORPICKER/TOP/TRIANGLE/TRIANGLEPOSITION/base1/pos_7/stop	text	lib/SS_UI_v2/UI_Main/left_data/VIDEO/COLORPICKER/TOP/TRIANGLE/TRIANGLEPOSITION/base1/pos_7/stop.txt	2025-11-05 14:15:07 UTC			
/SS_UI_v2/UI_Main/left_data/VIDEO/COLORPICKER/TOP/TRIANGLE/TRIANGLEPOSITION/base1/pos_7/start	text	lib/SS_UI_v2/UI_Main/left_data/VIDEO/COLORPICKER/TOP/TRIANGLE/TRIANGLEPOSITION/base1/pos_7/start.txt	2025-11-05 14:15:07 UTC			
/SS_UI_v2/UI_Main/left_data/VIDEO/COLORPICKER/TOP/TRIANGLE/TRIANGLEPOSITION/base1/pos_7/reset	text	lib/SS_UI_v2/UI_Main/left_data/VIDEO/COLORPICKER/TOP/TRIANGLE/TRIANGLEPOSITION/base1/pos_7/reset.txt	2025-11-05 14:15:07 UTC			
/SS_UI_v2/UI_Main/left_data/VIDEO/COLORPICKER/TOP/TRIANGLE/TRIANGLEPOSITION/base1/pos_7/parexec1	parexec	lib/SS_UI_v2/UI_Main/left_data/VIDEO/COLORPICKER/TOP/TRIANGLE/TRIANGLEPOSITION/base1/pos_7/parexec1.py	2025-11-05 14:15:07 UTC			
/SS_UI_v2/UI_Main/left_data/VIDEO/COLORPICKER/TOP/TRIANGLE/TRIANGLEPOSITION/base1/pos_7/load	text	lib/SS_UI_v2/UI_Main/left_data/VIDEO/COLORPICKER/TOP/TRIANGLE/TRIANGLEPOSITION/base1/pos_7/load.txt	2025-11-05 14:15:07 UTC			
/SS_UI_v2/UI_Main/left_data/VIDEO/COLORPICKER/TOP/TRIANGLE/TRIANGLEPOSITION/base1/pos_7/SETTINGS	base	lib/SS_UI_v2/UI_Main/left_data/VIDEO/COLORPICKER/TOP/TRIANGLE/TRIANGLEPOSITION/base1/pos_7/SETTINGS.tox	2025-11-05 14:15:07 UTC	False	1	2023.11760
/SS_UI_v2/UI_Main/left_data/VIDEO/COLORPICKER/TOP/TRIANGLE/TRIANGLEPOSITION/base1/pos_7	base	lib/SS_UI_v2/UI_Main/left_data/VIDEO/COLORPICKER/TOP/TRIANGLE/TRIANGLEPOSITION/base1/pos_7.tox	2025-11-05 14:15:07 UTC	False	1	2023.11760
/SS_UI_v2/UI_Main/left_data/VIDEO/COLORPICKER/TOP/TRIANGLE/TRIANGLEPOSITION/base1/pos_6/stop	text	lib/SS_UI_v2/UI_Main/left_data/VIDEO/COLORPICKER/TOP/TRIANGLE/TRIANGLEPOSITION/base1/pos_6/stop.txt	2025-11-05 14:15:07 UTC			
/SS_UI_v2/UI_Main/left_data/VIDEO/COLORPICKER/TOP/TRIANGLE/TRIANGLEPOSITION/base1/pos_6/start	text	lib/SS_UI_v2/UI_Main/left_data/VIDEO/COLORPICKER/TOP/TRIANGLE/TRIANGLEPOSITION/base1/pos_6/start.txt	2025-11-05 14:15:07 UTC			
/SS_UI_v2/UI_Main/left_data/VIDEO/COLORPICKER/TOP/TRIANGLE/TRIANGLEPOSITION/base1/pos_6/reset	text	lib/SS_UI_v2/UI_Main/left_data/VIDEO/COLORPICKER/TOP/TRIANGLE/TRIANGLEPOSITION/base1/pos_6/reset.txt	2025-11-05 14:15:07 UTC			
/SS_UI_v2/UI_Main/left_data/VIDEO/COLORPICKER/TOP/TRIANGLE/TRIANGLEPOSITION/base1/pos_6/parexec1	parexec	lib/SS_UI_v2/UI_Main/left_data/VIDEO/COLORPICKER/TOP/TRIANGLE/TRIANGLEPOSITION/base1/pos_6/parexec1.py	2025-11-05 14:15:07 UTC			
/SS_UI_v2/UI_Main/left_data/VIDEO/COLORPICKER/TOP/TRIANGLE/TRIANGLEPOSITION/base1/pos_6/load	text	lib/SS_UI_v2/UI_Main/left_data/VIDEO/COLORPICKER/TOP/TRIANGLE/TRIANGLEPOSITION/base1/pos_6/load.txt	2025-11-05 14:15:07 UTC			
/SS_UI_v2/UI_Main/left_data/VIDEO/COLORPICKER/TOP/TRIANGLE/TRIANGLEPOSITION/base1/pos_6/SETTINGS	base	lib/SS_UI_v2/UI_Main/left_data/VIDEO/COLORPICKER/TOP/TRIANGLE/TRIANGLEPOSITION/base1/pos_6/SETTINGS.tox	2025-11-05 14:15:07 UTC	False	1	2023.11760
/SS_UI_v2/UI_Main/left_data/VIDEO/COLORPICKER/TOP/TRIANGLE/TRIANGLEPOSITION/base1/pos_6	base	lib/SS_UI_v2/UI_Main/left_data/VIDEO/COLORPICKER/TOP/TRIANGLE/TRIANGLEPOSITION/base1/pos_6.tox	2025-11-05 14:15:07 UTC	False	1	2023.11760
/SS_UI_v2/UI_Main/left_data/VIDEO/COLORPICKER/TOP/TRIANGLE/TRIANGLEPOSITION/base1/pos_5/stop	text	lib/SS_UI_v2/UI_Main/left_data/VIDEO/COLORPICKER/TOP/TRIANGLE/TRIANGLEPOSITION/base1/pos_5/stop.txt	2025-11-05 14:15:07 UTC			
/SS_UI_v2/UI_Main/left_data/VIDEO/COLORPICKER/TOP/TRIANGLE/TRIANGLEPOSITION/base1/pos_5/start	text	lib/SS_UI_v2/UI_Main/left_data/VIDEO/COLORPICKER/TOP/TRIANGLE/TRIANGLEPOSITION/base1/pos_5/start.txt	2025-11-05 14:15:07 UTC			
/SS_UI_v2/UI_Main/left_data/VIDEO/COLORPICKER/TOP/TRIANGLE/TRIANGLEPOSITION/base1/pos_5/reset	text	lib/SS_UI_v2/UI_Main/left_data/VIDEO/COLORPICKER/TOP/TRIANGLE/TRIANGLEPOSITION/base1/pos_5/reset.txt	2025-11-05 14:15:07 UTC			
/SS_UI_v2/UI_Main/left_data/VIDEO/COLORPICKER/TOP/TRIANGLE/TRIANGLEPOSITION/base1/pos_5/parexec1	parexec	lib/SS_UI_v2/UI_Main/left_data/VIDEO/COLORPICKER/TOP/TRIANGLE/TRIANGLEPOSITION/base1/pos_5/parexec1.py	2025-11-05 14:15:07 UTC			
/SS_UI_v2/UI_Main/left_data/VIDEO/COLORPICKER/TOP/TRIANGLE/TRIANGLEPOSITION/base1/pos_5/load	text	lib/SS_UI_v2/UI_Main/left_data/VIDEO/COLORPICKER/TOP/TRIANGLE/TRIANGLEPOSITION/base1/pos_5/load.txt	2025-11-05 14:15:07 UTC			
/SS_UI_v2/UI_Main/left_data/VIDEO/COLORPICKER/TOP/TRIANGLE/TRIANGLEPOSITION/base1/pos_5/SETTINGS	base	lib/SS_UI_v2/UI_Main/left_data/VIDEO/COLORPICKER/TOP/TRIANGLE/TRIANGLEPOSITION/base1/pos_5/SETTINGS.tox	2025-11-05 14:15:07 UTC	False	1	2023.11760
/SS_UI_v2/UI_Main/left_data/VIDEO/COLORPICKER/TOP/TRIANGLE/TRIANGLEPOSITION/base1/pos_5	base	lib/SS_UI_v2/UI_Main/left_data/VIDEO/COLORPICKER/TOP/TRIANGLE/TRIANGLEPOSITION/base1/pos_5.tox	2025-11-05 14:15:07 UTC	False	1	2023.11760
/SS_UI_v2/UI_Main/left_data/VIDEO/COLORPICKER/TOP/TRIANGLE/TRIANGLEPOSITION/base1/pos_4/stop	text	lib/SS_UI_v2/UI_Main/left_data/VIDEO/COLORPICKER/TOP/TRIANGLE/TRIANGLEPOSITION/base1/pos_4/stop.txt	2025-11-05 14:15:07 UTC			
/SS_UI_v2/UI_Main/left_data/VIDEO/COLORPICKER/TOP/TRIANGLE/TRIANGLEPOSITION/base1/pos_4/start	text	lib/SS_UI_v2/UI_Main/left_data/VIDEO/COLORPICKER/TOP/TRIANGLE/TRIANGLEPOSITION/base1/pos_4/start.txt	2025-11-05 14:15:07 UTC			
/SS_UI_v2/UI_Main/left_data/VIDEO/COLORPICKER/TOP/TRIANGLE/TRIANGLEPOSITION/base1/pos_4/reset	text	lib/SS_UI_v2/UI_Main/left_data/VIDEO/COLORPICKER/TOP/TRIANGLE/TRIANGLEPOSITION/base1/pos_4/reset.txt	2025-11-05 14:15:07 UTC			
/SS_UI_v2/UI_Main/left_data/VIDEO/COLORPICKER/TOP/TRIANGLE/TRIANGLEPOSITION/base1/pos_4/parexec1	parexec	lib/SS_UI_v2/UI_Main/left_data/VIDEO/COLORPICKER/TOP/TRIANGLE/TRIANGLEPOSITION/base1/pos_4/parexec1.py	2025-11-05 14:15:07 UTC			
/SS_UI_v2/UI_Main/left_data/VIDEO/COLORPICKER/TOP/TRIANGLE/TRIANGLEPOSITION/base1/pos_4/load	text	lib/SS_UI_v2/UI_Main/left_data/VIDEO/COLORPICKER/TOP/TRIANGLE/TRIANGLEPOSITION/base1/pos_4/load.txt	2025-11-05 14:15:07 UTC			
/SS_UI_v2/UI_Main/left_data/VIDEO/COLORPICKER/TOP/TRIANGLE/TRIANGLEPOSITION/base1/pos_4/SETTINGS	base	lib/SS_UI_v2/UI_Main/left_data/VIDEO/COLORPICKER/TOP/TRIANGLE/TRIANGLEPOSITION/base1/pos_4/SETTINGS.tox	2025-11-05 14:15:07 UTC	False	1	2023.11760
/SS_UI_v2/UI_Main/left_data/VIDEO/COLORPICKER/TOP/TRIANGLE/TRIANGLEPOSITION/base1/pos_4	base	lib/SS_UI_v2/UI_Main/left_data/VIDEO/COLORPICKER/TOP/TRIANGLE/TRIANGLEPOSITION/base1/pos_4.tox	2025-11-05 14:15:07 UTC	False	1	2023.11760
/SS_UI_v2/UI_Main/left_data/VIDEO/COLORPICKER/TOP/TRIANGLE/TRIANGLEPOSITION/base1/pos_3/stop	text	lib/SS_UI_v2/UI_Main/left_data/VIDEO/COLORPICKER/TOP/TRIANGLE/TRIANGLEPOSITION/base1/pos_3/stop.txt	2025-11-05 14:15:07 UTC			
/SS_UI_v2/UI_Main/left_data/VIDEO/COLORPICKER/TOP/TRIANGLE/TRIANGLEPOSITION/base1/pos_3/start	text	lib/SS_UI_v2/UI_Main/left_data/VIDEO/COLORPICKER/TOP/TRIANGLE/TRIANGLEPOSITION/base1/pos_3/start.txt	2025-11-05 14:15:07 UTC			
/SS_UI_v2/UI_Main/left_data/VIDEO/COLORPICKER/TOP/TRIANGLE/TRIANGLEPOSITION/base1/pos_3/reset	text	lib/SS_UI_v2/UI_Main/left_data/VIDEO/COLORPICKER/TOP/TRIANGLE/TRIANGLEPOSITION/base1/pos_3/reset.txt	2025-11-05 14:15:07 UTC			
/SS_UI_v2/UI_Main/left_data/VIDEO/COLORPICKER/TOP/TRIANGLE/TRIANGLEPOSITION/base1/pos_3/parexec1	parexec	lib/SS_UI_v2/UI_Main/left_data/VIDEO/COLORPICKER/TOP/TRIANGLE/TRIANGLEPOSITION/base1/pos_3/parexec1.py	2025-11-05 14:15:07 UTC			
/SS_UI_v2/UI_Main/left_data/VIDEO/COLORPICKER/TOP/TRIANGLE/TRIANGLEPOSITION/base1/pos_3/load	text	lib/SS_UI_v2/UI_Main/left_data/VIDEO/COLORPICKER/TOP/TRIANGLE/TRIANGLEPOSITION/base1/pos_3/load.txt	2025-11-05 14:15:07 UTC			
/SS_UI_v2/UI_Main/left_data/VIDEO/COLORPICKER/TOP/TRIANGLE/TRIANGLEPOSITION/base1/pos_3/SETTINGS	base	lib/SS_UI_v2/UI_Main/left_data/VIDEO/COLORPICKER/TOP/TRIANGLE/TRIANGLEPOSITION/base1/pos_3/SETTINGS.tox	2025-11-05 14:15:07 UTC	False	1	2023.11760
/SS_UI_v2/UI_Main/left_data/VIDEO/COLORPICKER/TOP/TRIANGLE/TRIANGLEPOSITION/base1/pos_3	base	lib/SS_UI_v2/UI_Main/left_data/VIDEO/COLORPICKER/TOP/TRIANGLE/TRIANGLEPOSITION/base1/pos_3.tox	2025-11-05 14:15:07 UTC	False	1	2023.11760
/SS_UI_v2/UI_Main/left_data/VIDEO/COLORPICKER/TOP/TRIANGLE/TRIANGLEPOSITION/base1/pos_2/stop	text	lib/SS_UI_v2/UI_Main/left_data/VIDEO/COLORPICKER/TOP/TRIANGLE/TRIANGLEPOSITION/base1/pos_2/stop.txt	2025-11-05 14:15:07 UTC			
/SS_UI_v2/UI_Main/left_data/VIDEO/COLORPICKER/TOP/TRIANGLE/TRIANGLEPOSITION/base1/pos_2/start	text	lib/SS_UI_v2/UI_Main/left_data/VIDEO/COLORPICKER/TOP/TRIANGLE/TRIANGLEPOSITION/base1/pos_2/start.txt	2025-11-05 14:15:07 UTC			
/SS_UI_v2/UI_Main/left_data/VIDEO/COLORPICKER/TOP/TRIANGLE/TRIANGLEPOSITION/base1/pos_2/reset	text	lib/SS_UI_v2/UI_Main/left_data/VIDEO/COLORPICKER/TOP/TRIANGLE/TRIANGLEPOSITION/base1/pos_2/reset.txt	2025-11-05 14:15:07 UTC			
/SS_UI_v2/UI_Main/left_data/VIDEO/COLORPICKER/TOP/TRIANGLE/TRIANGLEPOSITION/base1/pos_2/parexec1	parexec	lib/SS_UI_v2/UI_Main/left_data/VIDEO/COLORPICKER/TOP/TRIANGLE/TRIANGLEPOSITION/base1/pos_2/parexec1.py	2025-11-05 14:15:07 UTC			
/SS_UI_v2/UI_Main/left_data/VIDEO/COLORPICKER/TOP/TRIANGLE/TRIANGLEPOSITION/base1/pos_2/load	text	lib/SS_UI_v2/UI_Main/left_data/VIDEO/COLORPICKER/TOP/TRIANGLE/TRIANGLEPOSITION/base1/pos_2/load.txt	2025-11-05 14:15:07 UTC			
/SS_UI_v2/UI_Main/left_data/VIDEO/COLORPICKER/TOP/TRIANGLE/TRIANGLEPOSITION/base1/pos_2/SETTINGS	base	lib/SS_UI_v2/UI_Main/left_data/VIDEO/COLORPICKER/TOP/TRIANGLE/TRIANGLEPOSITION/base1/pos_2/SETTINGS.tox	2025-11-05 14:15:07 UTC	False	1	2023.11760
/SS_UI_v2/UI_Main/left_data/VIDEO/COLORPICKER/TOP/TRIANGLE/TRIANGLEPOSITION/base1/pos_2	base	lib/SS_UI_v2/UI_Main/left_data/VIDEO/COLORPICKER/TOP/TRIANGLE/TRIANGLEPOSITION/base1/pos_2.tox	2025-11-05 14:15:07 UTC	False	1	2023.11760
/SS_UI_v2/UI_Main/left_data/VIDEO/COLORPICKER/TOP/TRIANGLE/TRIANGLEPOSITION/base1/pos_11/stop	text	lib/SS_UI_v2/UI_Main/left_data/VIDEO/COLORPICKER/TOP/TRIANGLE/TRIANGLEPOSITION/base1/pos_11/stop.txt	2025-11-05 14:15:07 UTC			
/SS_UI_v2/UI_Main/left_data/VIDEO/COLORPICKER/TOP/TRIANGLE/TRIANGLEPOSITION/base1/pos_11/start	text	lib/SS_UI_v2/UI_Main/left_data/VIDEO/COLORPICKER/TOP/TRIANGLE/TRIANGLEPOSITION/base1/pos_11/start.txt	2025-11-05 14:15:07 UTC			
/SS_UI_v2/UI_Main/left_data/VIDEO/COLORPICKER/TOP/TRIANGLE/TRIANGLEPOSITION/base1/pos_11/reset	text	lib/SS_UI_v2/UI_Main/left_data/VIDEO/COLORPICKER/TOP/TRIANGLE/TRIANGLEPOSITION/base1/pos_11/reset.txt	2025-11-05 14:15:07 UTC			
/SS_UI_v2/UI_Main/left_data/VIDEO/COLORPICKER/TOP/TRIANGLE/TRIANGLEPOSITION/base1/pos_11/parexec1	parexec	lib/SS_UI_v2/UI_Main/left_data/VIDEO/COLORPICKER/TOP/TRIANGLE/TRIANGLEPOSITION/base1/pos_11/parexec1.py	2025-11-05 14:15:07 UTC			
/SS_UI_v2/UI_Main/left_data/VIDEO/COLORPICKER/TOP/TRIANGLE/TRIANGLEPOSITION/base1/pos_11/load	text	lib/SS_UI_v2/UI_Main/left_data/VIDEO/COLORPICKER/TOP/TRIANGLE/TRIANGLEPOSITION/base1/pos_11/load.txt	2025-11-05 14:15:07 UTC			
/SS_UI_v2/UI_Main/left_data/VIDEO/COLORPICKER/TOP/TRIANGLE/TRIANGLEPOSITION/base1/pos_11/SETTINGS	base	lib/SS_UI_v2/UI_Main/left_data/VIDEO/COLORPICKER/TOP/TRIANGLE/TRIANGLEPOSITION/base1/pos_11/SETTINGS.tox	2025-11-05 14:15:07 UTC	False	1	2023.11760
/SS_UI_v2/UI_Main/left_data/VIDEO/COLORPICKER/TOP/TRIANGLE/TRIANGLEPOSITION/base1/pos_11	base	lib/SS_UI_v2/UI_Main/left_data/VIDEO/COLORPICKER/TOP/TRIANGLE/TRIANGLEPOSITION/base1/pos_11.tox	2025-11-05 14:15:07 UTC	False	1	2023.11760
/SS_UI_v2/UI_Main/left_data/VIDEO/COLORPICKER/TOP/TRIANGLE/TRIANGLEPOSITION/base1/pos_10/stop	text	lib/SS_UI_v2/UI_Main/left_data/VIDEO/COLORPICKER/TOP/TRIANGLE/TRIANGLEPOSITION/base1/pos_10/stop.txt	2025-11-05 14:15:07 UTC			
/SS_UI_v2/UI_Main/left_data/VIDEO/COLORPICKER/TOP/TRIANGLE/TRIANGLEPOSITION/base1/pos_10/start	text	lib/SS_UI_v2/UI_Main/left_data/VIDEO/COLORPICKER/TOP/TRIANGLE/TRIANGLEPOSITION/base1/pos_10/start.txt	2025-11-05 14:15:07 UTC			
/SS_UI_v2/UI_Main/left_data/VIDEO/COLORPICKER/TOP/TRIANGLE/TRIANGLEPOSITION/base1/pos_10/reset	text	lib/SS_UI_v2/UI_Main/left_data/VIDEO/COLORPICKER/TOP/TRIANGLE/TRIANGLEPOSITION/base1/pos_10/reset.txt	2025-11-05 14:15:07 UTC			
/SS_UI_v2/UI_Main/left_data/VIDEO/COLORPICKER/TOP/TRIANGLE/TRIANGLEPOSITION/base1/pos_10/parexec1	parexec	lib/SS_UI_v2/UI_Main/left_data/VIDEO/COLORPICKER/TOP/TRIANGLE/TRIANGLEPOSITION/base1/pos_10/parexec1.py	2025-11-05 14:15:07 UTC			
/SS_UI_v2/UI_Main/left_data/VIDEO/COLORPICKER/TOP/TRIANGLE/TRIANGLEPOSITION/base1/pos_10/load	text	lib/SS_UI_v2/UI_Main/left_data/VIDEO/COLORPICKER/TOP/TRIANGLE/TRIANGLEPOSITION/base1/pos_10/load.txt	2025-11-05 14:15:07 UTC			
/SS_UI_v2/UI_Main/left_data/VIDEO/COLORPICKER/TOP/TRIANGLE/TRIANGLEPOSITION/base1/pos_10/SETTINGS	base	lib/SS_UI_v2/UI_Main/left_data/VIDEO/COLORPICKER/TOP/TRIANGLE/TRIANGLEPOSITION/base1/pos_10/SETTINGS.tox	2025-11-05 14:15:07 UTC	False	1	2023.11760
/SS_UI_v2/UI_Main/left_data/VIDEO/COLORPICKER/TOP/TRIANGLE/TRIANGLEPOSITION/base1/pos_10	base	lib/SS_UI_v2/UI_Main/left_data/VIDEO/COLORPICKER/TOP/TRIANGLE/TRIANGLEPOSITION/base1/pos_10.tox	2025-11-05 14:15:07 UTC	False	1	2023.11760
/SS_UI_v2/UI_Main/left_data/VIDEO/COLORPICKER/TOP/TRIANGLE/TRIANGLEPOSITION/base1/pos_1/stop	text	lib/SS_UI_v2/UI_Main/left_data/VIDEO/COLORPICKER/TOP/TRIANGLE/TRIANGLEPOSITION/base1/pos_1/stop.txt	2025-11-05 14:15:07 UTC			
/SS_UI_v2/UI_Main/left_data/VIDEO/COLORPICKER/TOP/TRIANGLE/TRIANGLEPOSITION/base1/pos_1/start	text	lib/SS_UI_v2/UI_Main/left_data/VIDEO/COLORPICKER/TOP/TRIANGLE/TRIANGLEPOSITION/base1/pos_1/start.txt	2025-11-05 14:15:07 UTC			
/SS_UI_v2/UI_Main/left_data/VIDEO/COLORPICKER/TOP/TRIANGLE/TRIANGLEPOSITION/base1/pos_1/reset	text	lib/SS_UI_v2/UI_Main/left_data/VIDEO/COLORPICKER/TOP/TRIANGLE/TRIANGLEPOSITION/base1/pos_1/reset.txt	2025-11-05 14:15:07 UTC			
/SS_UI_v2/UI_Main/left_data/VIDEO/COLORPICKER/TOP/TRIANGLE/TRIANGLEPOSITION/base1/pos_1/parexec1	parexec	lib/SS_UI_v2/UI_Main/left_data/VIDEO/COLORPICKER/TOP/TRIANGLE/TRIANGLEPOSITION/base1/pos_1/parexec1.py	2025-11-05 14:15:07 UTC			
/SS_UI_v2/UI_Main/left_data/VIDEO/COLORPICKER/TOP/TRIANGLE/TRIANGLEPOSITION/base1/pos_1/load	text	lib/SS_UI_v2/UI_Main/left_data/VIDEO/COLORPICKER/TOP/TRIANGLE/TRIANGLEPOSITION/base1/pos_1/load.txt	2025-11-05 14:15:07 UTC			
/SS_UI_v2/UI_Main/left_data/VIDEO/COLORPICKER/TOP/TRIANGLE/TRIANGLEPOSITION/base1/pos_1/SETTINGS	base	lib/SS_UI_v2/UI_Main/left_data/VIDEO/COLORPICKER/TOP/TRIANGLE/TRIANGLEPOSITION/base1/pos_1/SETTINGS.tox	2025-11-05 14:15:07 UTC	False	1	2023.11760
/SS_UI_v2/UI_Main/left_data/VIDEO/COLORPICKER/TOP/TRIANGLE/TRIANGLEPOSITION/base1/pos_1	base	lib/SS_UI_v2/UI_Main/left_data/VIDEO/COLORPICKER/TOP/TRIANGLE/TRIANGLEPOSITION/base1/pos_1.tox	2025-11-05 14:15:07 UTC	False	1	2023.11760
/SS_UI_v2/UI_Main/left_data/VIDEO/COLORPICKER/TOP/TRIANGLE/TRIANGLEPOSITION/base1/pos_0/stop	text	lib/SS_UI_v2/UI_Main/left_data/VIDEO/COLORPICKER/TOP/TRIANGLE/TRIANGLEPOSITION/base1/pos_0/stop.txt	2025-11-05 14:15:07 UTC			
/SS_UI_v2/UI_Main/left_data/VIDEO/COLORPICKER/TOP/TRIANGLE/TRIANGLEPOSITION/base1/pos_0/start	text	lib/SS_UI_v2/UI_Main/left_data/VIDEO/COLORPICKER/TOP/TRIANGLE/TRIANGLEPOSITION/base1/pos_0/start.txt	2025-11-05 14:15:07 UTC			
/SS_UI_v2/UI_Main/left_data/VIDEO/COLORPICKER/TOP/TRIANGLE/TRIANGLEPOSITION/base1/pos_0/reset	text	lib/SS_UI_v2/UI_Main/left_data/VIDEO/COLORPICKER/TOP/TRIANGLE/TRIANGLEPOSITION/base1/pos_0/reset.txt	2025-11-05 14:15:07 UTC			
/SS_UI_v2/UI_Main/left_data/VIDEO/COLORPICKER/TOP/TRIANGLE/TRIANGLEPOSITION/base1/pos_0/parexec1	parexec	lib/SS_UI_v2/UI_Main/left_data/VIDEO/COLORPICKER/TOP/TRIANGLE/TRIANGLEPOSITION/base1/pos_0/parexec1.py	2025-11-05 14:15:07 UTC			
/SS_UI_v2/UI_Main/left_data/VIDEO/COLORPICKER/TOP/TRIANGLE/TRIANGLEPOSITION/base1/pos_0/load	text	lib/SS_UI_v2/UI_Main/left_data/VIDEO/COLORPICKER/TOP/TRIANGLE/TRIANGLEPOSITION/base1/pos_0/load.txt	2025-11-05 14:15:07 UTC			
/SS_UI_v2/UI_Main/left_data/VIDEO/COLORPICKER/TOP/TRIANGLE/TRIANGLEPOSITION/base1/pos_0/SETTINGS	base	lib/SS_UI_v2/UI_Main/left_data/VIDEO/COLORPICKER/TOP/TRIANGLE/TRIANGLEPOSITION/base1/pos_0/SETTINGS.tox	2025-11-05 14:15:07 UTC	False	1	2023.11760
/SS_UI_v2/UI_Main/left_data/VIDEO/COLORPICKER/TOP/TRIANGLE/TRIANGLEPOSITION/base1/pos_0	base	lib/SS_UI_v2/UI_Main/left_data/VIDEO/COLORPICKER/TOP/TRIANGLE/TRIANGLEPOSITION/base1/pos_0.tox	2025-11-05 14:15:07 UTC	False	1	2023.11760
/SS_UI_v2/UI_Main/left_data/VIDEO/COLORPICKER/TOP/TRIANGLE/TRIANGLEPOSITION/base1	base	lib/SS_UI_v2/UI_Main/left_data/VIDEO/COLORPICKER/TOP/TRIANGLE/TRIANGLEPOSITION/base1.tox	2025-11-05 14:15:07 UTC	False	1	2023.11760
/SS_UI_v2/UI_Main/left_data/VIDEO/COLORPICKER/TOP/TRIANGLE/TRIANGLEPOSITION/TRIANGLECONSTRAINT/stop	text	lib/SS_UI_v2/UI_Main/left_data/VIDEO/COLORPICKER/TOP/TRIANGLE/TRIANGLEPOSITION/TRIANGLECONSTRAINT/stop.txt	2025-11-05 14:15:07 UTC			
/SS_UI_v2/UI_Main/left_data/VIDEO/COLORPICKER/TOP/TRIANGLE/TRIANGLEPOSITION/TRIANGLECONSTRAINT/start	text	lib/SS_UI_v2/UI_Main/left_data/VIDEO/COLORPICKER/TOP/TRIANGLE/TRIANGLEPOSITION/TRIANGLECONSTRAINT/start.txt	2025-11-05 14:15:07 UTC			
/SS_UI_v2/UI_Main/left_data/VIDEO/COLORPICKER/TOP/TRIANGLE/TRIANGLEPOSITION/TRIANGLECONSTRAINT/reset	text	lib/SS_UI_v2/UI_Main/left_data/VIDEO/COLORPICKER/TOP/TRIANGLE/TRIANGLEPOSITION/TRIANGLECONSTRAINT/reset.txt	2025-11-05 14:15:07 UTC			
/SS_UI_v2/UI_Main/left_data/VIDEO/COLORPICKER/TOP/TRIANGLE/TRIANGLEPOSITION/TRIANGLECONSTRAINT/parexec1	parexec	lib/SS_UI_v2/UI_Main/left_data/VIDEO/COLORPICKER/TOP/TRIANGLE/TRIANGLEPOSITION/TRIANGLECONSTRAINT/parexec1.py	2025-11-05 14:15:07 UTC			
/SS_UI_v2/UI_Main/left_data/VIDEO/COLORPICKER/TOP/TRIANGLE/TRIANGLEPOSITION/TRIANGLECONSTRAINT/load	text	lib/SS_UI_v2/UI_Main/left_data/VIDEO/COLORPICKER/TOP/TRIANGLE/TRIANGLEPOSITION/TRIANGLECONSTRAINT/load.txt	2025-11-05 14:15:08 UTC			
/SS_UI_v2/UI_Main/left_data/VIDEO/COLORPICKER/TOP/TRIANGLE/TRIANGLEPOSITION/TRIANGLECONSTRAINT/TRIANGLEPOINTS/stop	text	lib/SS_UI_v2/UI_Main/left_data/VIDEO/COLORPICKER/TOP/TRIANGLE/TRIANGLEPOSITION/TRIANGLECONSTRAINT/TRIANGLEPOINTS/stop.txt	2025-11-05 14:15:08 UTC			
/SS_UI_v2/UI_Main/left_data/VIDEO/COLORPICKER/TOP/TRIANGLE/TRIANGLEPOSITION/TRIANGLECONSTRAINT/TRIANGLEPOINTS/start	text	lib/SS_UI_v2/UI_Main/left_data/VIDEO/COLORPICKER/TOP/TRIANGLE/TRIANGLEPOSITION/TRIANGLECONSTRAINT/TRIANGLEPOINTS/start.txt	2025-11-05 14:15:08 UTC			
/SS_UI_v2/UI_Main/left_data/VIDEO/COLORPICKER/TOP/TRIANGLE/TRIANGLEPOSITION/TRIANGLECONSTRAINT/TRIANGLEPOINTS/reset	text	lib/SS_UI_v2/UI_Main/left_data/VIDEO/COLORPICKER/TOP/TRIANGLE/TRIANGLEPOSITION/TRIANGLECONSTRAINT/TRIANGLEPOINTS/reset.txt	2025-11-05 14:15:08 UTC			
/SS_UI_v2/UI_Main/left_data/VIDEO/COLORPICKER/TOP/TRIANGLE/TRIANGLEPOSITION/TRIANGLECONSTRAINT/TRIANGLEPOINTS/parexec1	parexec	lib/SS_UI_v2/UI_Main/left_data/VIDEO/COLORPICKER/TOP/TRIANGLE/TRIANGLEPOSITION/TRIANGLECONSTRAINT/TRIANGLEPOINTS/parexec1.py	2025-11-05 14:15:08 UTC			
/SS_UI_v2/UI_Main/left_data/VIDEO/COLORPICKER/TOP/TRIANGLE/TRIANGLEPOSITION/TRIANGLECONSTRAINT/TRIANGLEPOINTS/load	text	lib/SS_UI_v2/UI_Main/left_data/VIDEO/COLORPICKER/TOP/TRIANGLE/TRIANGLEPOSITION/TRIANGLECONSTRAINT/TRIANGLEPOINTS/load.txt	2025-11-05 14:15:08 UTC			
/SS_UI_v2/UI_Main/left_data/VIDEO/COLORPICKER/TOP/TRIANGLE/TRIANGLEPOSITION/TRIANGLECONSTRAINT/TRIANGLEPOINTS/chopexec4	chopexec	lib/SS_UI_v2/UI_Main/left_data/VIDEO/COLORPICKER/TOP/TRIANGLE/TRIANGLEPOSITION/TRIANGLECONSTRAINT/TRIANGLEPOINTS/chopexec4.py	2025-11-05 14:15:08 UTC			
/SS_UI_v2/UI_Main/left_data/VIDEO/COLORPICKER/TOP/TRIANGLE/TRIANGLEPOSITION/TRIANGLECONSTRAINT/TRIANGLEPOINTS/chopexec3	chopexec	lib/SS_UI_v2/UI_Main/left_data/VIDEO/COLORPICKER/TOP/TRIANGLE/TRIANGLEPOSITION/TRIANGLECONSTRAINT/TRIANGLEPOINTS/chopexec3.py	2025-11-05 14:15:08 UTC			
/SS_UI_v2/UI_Main/left_data/VIDEO/COLORPICKER/TOP/TRIANGLE/TRIANGLEPOSITION/TRIANGLECONSTRAINT/TRIANGLEPOINTS/chopexec2	chopexec	lib/SS_UI_v2/UI_Main/left_data/VIDEO/COLORPICKER/TOP/TRIANGLE/TRIANGLEPOSITION/TRIANGLECONSTRAINT/TRIANGLEPOINTS/chopexec2.py	2025-11-05 14:15:08 UTC			
/SS_UI_v2/UI_Main/left_data/VIDEO/COLORPICKER/TOP/TRIANGLE/TRIANGLEPOSITION/TRIANGLECONSTRAINT/TRIANGLEPOINTS/chopexec1	chopexec	lib/SS_UI_v2/UI_Main/left_data/VIDEO/COLORPICKER/TOP/TRIANGLE/TRIANGLEPOSITION/TRIANGLECONSTRAINT/TRIANGLEPOINTS/chopexec1.py	2025-11-05 14:15:08 UTC			
/SS_UI_v2/UI_Main/left_data/VIDEO/COLORPICKER/TOP/TRIANGLE/TRIANGLEPOSITION/TRIANGLECONSTRAINT/TRIANGLEPOINTS/SETTINGS	base	lib/SS_UI_v2/UI_Main/left_data/VIDEO/COLORPICKER/TOP/TRIANGLE/TRIANGLEPOSITION/TRIANGLECONSTRAINT/TRIANGLEPOINTS/SETTINGS.tox	2025-11-05 14:15:08 UTC	False	1	2023.11760
/SS_UI_v2/UI_Main/left_data/VIDEO/COLORPICKER/TOP/TRIANGLE/TRIANGLEPOSITION/TRIANGLECONSTRAINT/TRIANGLEPOINTS	base	lib/SS_UI_v2/UI_Main/left_data/VIDEO/COLORPICKER/TOP/TRIANGLE/TRIANGLEPOSITION/TRIANGLECONSTRAINT/TRIANGLEPOINTS.tox	2025-11-05 14:15:08 UTC	False	1	2023.11760
/SS_UI_v2/UI_Main/left_data/VIDEO/COLORPICKER/TOP/TRIANGLE/TRIANGLEPOSITION/TRIANGLECONSTRAINT/SETTINGS	base	lib/SS_UI_v2/UI_Main/left_data/VIDEO/COLORPICKER/TOP/TRIANGLE/TRIANGLEPOSITION/TRIANGLECONSTRAINT/SETTINGS.tox	2025-11-05 14:15:08 UTC	False	1	2023.11760
/SS_UI_v2/UI_Main/left_data/VIDEO/COLORPICKER/TOP/TRIANGLE/TRIANGLEPOSITION/TRIANGLECONSTRAINT/POINT_1_2/stop	text	lib/SS_UI_v2/UI_Main/left_data/VIDEO/COLORPICKER/TOP/TRIANGLE/TRIANGLEPOSITION/TRIANGLECONSTRAINT/POINT_1_2/stop.txt	2025-11-05 14:15:08 UTC			
/SS_UI_v2/UI_Main/left_data/VIDEO/COLORPICKER/TOP/TRIANGLE/TRIANGLEPOSITION/TRIANGLECONSTRAINT/POINT_1_2/start	text	lib/SS_UI_v2/UI_Main/left_data/VIDEO/COLORPICKER/TOP/TRIANGLE/TRIANGLEPOSITION/TRIANGLECONSTRAINT/POINT_1_2/start.txt	2025-11-05 14:15:08 UTC			
/SS_UI_v2/UI_Main/left_data/VIDEO/COLORPICKER/TOP/TRIANGLE/TRIANGLEPOSITION/TRIANGLECONSTRAINT/POINT_1_2/reset	text	lib/SS_UI_v2/UI_Main/left_data/VIDEO/COLORPICKER/TOP/TRIANGLE/TRIANGLEPOSITION/TRIANGLECONSTRAINT/POINT_1_2/reset.txt	2025-11-05 14:15:08 UTC			
/SS_UI_v2/UI_Main/left_data/VIDEO/COLORPICKER/TOP/TRIANGLE/TRIANGLEPOSITION/TRIANGLECONSTRAINT/POINT_1_2/parexec1	parexec	lib/SS_UI_v2/UI_Main/left_data/VIDEO/COLORPICKER/TOP/TRIANGLE/TRIANGLEPOSITION/TRIANGLECONSTRAINT/POINT_1_2/parexec1.py	2025-11-05 14:15:08 UTC			
/SS_UI_v2/UI_Main/left_data/VIDEO/COLORPICKER/TOP/TRIANGLE/TRIANGLEPOSITION/TRIANGLECONSTRAINT/POINT_1_2/load	text	lib/SS_UI_v2/UI_Main/left_data/VIDEO/COLORPICKER/TOP/TRIANGLE/TRIANGLEPOSITION/TRIANGLECONSTRAINT/POINT_1_2/load.txt	2025-11-05 14:15:08 UTC			
/SS_UI_v2/UI_Main/left_data/VIDEO/COLORPICKER/TOP/TRIANGLE/TRIANGLEPOSITION/TRIANGLECONSTRAINT/POINT_1_2/SETTINGS	base	lib/SS_UI_v2/UI_Main/left_data/VIDEO/COLORPICKER/TOP/TRIANGLE/TRIANGLEPOSITION/TRIANGLECONSTRAINT/POINT_1_2/SETTINGS.tox	2025-11-05 14:15:08 UTC	False	1	2023.11760
/SS_UI_v2/UI_Main/left_data/VIDEO/COLORPICKER/TOP/TRIANGLE/TRIANGLEPOSITION/TRIANGLECONSTRAINT/POINT_1_2	base	lib/SS_UI_v2/UI_Main/left_data/VIDEO/COLORPICKER/TOP/TRIANGLE/TRIANGLEPOSITION/TRIANGLECONSTRAINT/POINT_1_2.tox	2025-11-05 14:15:08 UTC	False	1	2023.11760
/SS_UI_v2/UI_Main/left_data/VIDEO/COLORPICKER/TOP/TRIANGLE/TRIANGLEPOSITION/TRIANGLECONSTRAINT/POINT_0_2/stop	text	lib/SS_UI_v2/UI_Main/left_data/VIDEO/COLORPICKER/TOP/TRIANGLE/TRIANGLEPOSITION/TRIANGLECONSTRAINT/POINT_0_2/stop.txt	2025-11-05 14:15:08 UTC			
/SS_UI_v2/UI_Main/left_data/VIDEO/COLORPICKER/TOP/TRIANGLE/TRIANGLEPOSITION/TRIANGLECONSTRAINT/POINT_0_2/start	text	lib/SS_UI_v2/UI_Main/left_data/VIDEO/COLORPICKER/TOP/TRIANGLE/TRIANGLEPOSITION/TRIANGLECONSTRAINT/POINT_0_2/start.txt	2025-11-05 14:15:08 UTC			
/SS_UI_v2/UI_Main/left_data/VIDEO/COLORPICKER/TOP/TRIANGLE/TRIANGLEPOSITION/TRIANGLECONSTRAINT/POINT_0_2/reset	text	lib/SS_UI_v2/UI_Main/left_data/VIDEO/COLORPICKER/TOP/TRIANGLE/TRIANGLEPOSITION/TRIANGLECONSTRAINT/POINT_0_2/reset.txt	2025-11-05 14:15:08 UTC			
/SS_UI_v2/UI_Main/left_data/VIDEO/COLORPICKER/TOP/TRIANGLE/TRIANGLEPOSITION/TRIANGLECONSTRAINT/POINT_0_2/parexec1	parexec	lib/SS_UI_v2/UI_Main/left_data/VIDEO/COLORPICKER/TOP/TRIANGLE/TRIANGLEPOSITION/TRIANGLECONSTRAINT/POINT_0_2/parexec1.py	2025-11-05 14:15:08 UTC			
/SS_UI_v2/UI_Main/left_data/VIDEO/COLORPICKER/TOP/TRIANGLE/TRIANGLEPOSITION/TRIANGLECONSTRAINT/POINT_0_2/load	text	lib/SS_UI_v2/UI_Main/left_data/VIDEO/COLORPICKER/TOP/TRIANGLE/TRIANGLEPOSITION/TRIANGLECONSTRAINT/POINT_0_2/load.txt	2025-11-05 14:15:08 UTC			
/SS_UI_v2/UI_Main/left_data/VIDEO/COLORPICKER/TOP/TRIANGLE/TRIANGLEPOSITION/TRIANGLECONSTRAINT/POINT_0_2/SETTINGS	base	lib/SS_UI_v2/UI_Main/left_data/VIDEO/COLORPICKER/TOP/TRIANGLE/TRIANGLEPOSITION/TRIANGLECONSTRAINT/POINT_0_2/SETTINGS.tox	2025-11-05 14:15:08 UTC	False	1	2023.11760
/SS_UI_v2/UI_Main/left_data/VIDEO/COLORPICKER/TOP/TRIANGLE/TRIANGLEPOSITION/TRIANGLECONSTRAINT/POINT_0_2	base	lib/SS_UI_v2/UI_Main/left_data/VIDEO/COLORPICKER/TOP/TRIANGLE/TRIANGLEPOSITION/TRIANGLECONSTRAINT/POINT_0_2.tox	2025-11-05 14:15:08 UTC	False	1	2023.11760
/SS_UI_v2/UI_Main/left_data/VIDEO/COLORPICKER/TOP/TRIANGLE/TRIANGLEPOSITION/TRIANGLECONSTRAINT/POINT_0_1/stop	text	lib/SS_UI_v2/UI_Main/left_data/VIDEO/COLORPICKER/TOP/TRIANGLE/TRIANGLEPOSITION/TRIANGLECONSTRAINT/POINT_0_1/stop.txt	2025-11-05 14:15:08 UTC			
/SS_UI_v2/UI_Main/left_data/VIDEO/COLORPICKER/TOP/TRIANGLE/TRIANGLEPOSITION/TRIANGLECONSTRAINT/POINT_0_1/start	text	lib/SS_UI_v2/UI_Main/left_data/VIDEO/COLORPICKER/TOP/TRIANGLE/TRIANGLEPOSITION/TRIANGLECONSTRAINT/POINT_0_1/start.txt	2025-11-05 14:15:08 UTC			
/SS_UI_v2/UI_Main/left_data/VIDEO/COLORPICKER/TOP/TRIANGLE/TRIANGLEPOSITION/TRIANGLECONSTRAINT/POINT_0_1/reset	text	lib/SS_UI_v2/UI_Main/left_data/VIDEO/COLORPICKER/TOP/TRIANGLE/TRIANGLEPOSITION/TRIANGLECONSTRAINT/POINT_0_1/reset.txt	2025-11-05 14:15:08 UTC			
/SS_UI_v2/UI_Main/left_data/VIDEO/COLORPICKER/TOP/TRIANGLE/TRIANGLEPOSITION/TRIANGLECONSTRAINT/POINT_0_1/parexec1	parexec	lib/SS_UI_v2/UI_Main/left_data/VIDEO/COLORPICKER/TOP/TRIANGLE/TRIANGLEPOSITION/TRIANGLECONSTRAINT/POINT_0_1/parexec1.py	2025-11-05 14:15:08 UTC			
/SS_UI_v2/UI_Main/left_data/VIDEO/COLORPICKER/TOP/TRIANGLE/TRIANGLEPOSITION/TRIANGLECONSTRAINT/POINT_0_1/load	text	lib/SS_UI_v2/UI_Main/left_data/VIDEO/COLORPICKER/TOP/TRIANGLE/TRIANGLEPOSITION/TRIANGLECONSTRAINT/POINT_0_1/load.txt	2025-11-05 14:15:08 UTC			
/SS_UI_v2/UI_Main/left_data/VIDEO/COLORPICKER/TOP/TRIANGLE/TRIANGLEPOSITION/TRIANGLECONSTRAINT/POINT_0_1/SETTINGS	base	lib/SS_UI_v2/UI_Main/left_data/VIDEO/COLORPICKER/TOP/TRIANGLE/TRIANGLEPOSITION/TRIANGLECONSTRAINT/POINT_0_1/SETTINGS.tox	2025-11-05 14:15:08 UTC	False	1	2023.11760
/SS_UI_v2/UI_Main/left_data/VIDEO/COLORPICKER/TOP/TRIANGLE/TRIANGLEPOSITION/TRIANGLECONSTRAINT/POINT_0_1	base	lib/SS_UI_v2/UI_Main/left_data/VIDEO/COLORPICKER/TOP/TRIANGLE/TRIANGLEPOSITION/TRIANGLECONSTRAINT/POINT_0_1.tox	2025-11-05 14:15:08 UTC	False	1	2023.11760
/SS_UI_v2/UI_Main/left_data/VIDEO/COLORPICKER/TOP/TRIANGLE/TRIANGLEPOSITION/TRIANGLECONSTRAINT	base	lib/SS_UI_v2/UI_Main/left_data/VIDEO/COLORPICKER/TOP/TRIANGLE/TRIANGLEPOSITION/TRIANGLECONSTRAINT.tox	2025-11-05 14:15:08 UTC	False	1	2023.11760
/SS_UI_v2/UI_Main/left_data/VIDEO/COLORPICKER/TOP/TRIANGLE/TRIANGLEPOSITION/SETTINGS	base	lib/SS_UI_v2/UI_Main/left_data/VIDEO/COLORPICKER/TOP/TRIANGLE/TRIANGLEPOSITION/SETTINGS.tox	2025-11-05 14:15:08 UTC	False	1	2023.11760
/SS_UI_v2/UI_Main/left_data/VIDEO/COLORPICKER/TOP/TRIANGLE/TRIANGLEPOSITION	slider	lib/SS_UI_v2/UI_Main/left_data/VIDEO/COLORPICKER/TOP/TRIANGLE/TRIANGLEPOSITION.tox	2025-11-05 14:15:08 UTC	False	1	2023.11760
/SS_UI_v2/UI_Main/left_data/VIDEO/COLORPICKER/TOP/TRIANGLE/TRIANGLEMASK/stop	text	lib/SS_UI_v2/UI_Main/left_data/VIDEO/COLORPICKER/TOP/TRIANGLE/TRIANGLEMASK/stop.txt	2025-11-05 14:15:08 UTC			
/SS_UI_v2/UI_Main/left_data/VIDEO/COLORPICKER/TOP/TRIANGLE/TRIANGLEMASK/start	text	lib/SS_UI_v2/UI_Main/left_data/VIDEO/COLORPICKER/TOP/TRIANGLE/TRIANGLEMASK/start.txt	2025-11-05 14:15:08 UTC			
/SS_UI_v2/UI_Main/left_data/VIDEO/COLORPICKER/TOP/TRIANGLE/TRIANGLEMASK/reset	text	lib/SS_UI_v2/UI_Main/left_data/VIDEO/COLORPICKER/TOP/TRIANGLE/TRIANGLEMASK/reset.txt	2025-11-05 14:15:08 UTC			
/SS_UI_v2/UI_Main/left_data/VIDEO/COLORPICKER/TOP/TRIANGLE/TRIANGLEMASK/parexec1	parexec	lib/SS_UI_v2/UI_Main/left_data/VIDEO/COLORPICKER/TOP/TRIANGLE/TRIANGLEMASK/parexec1.py	2025-11-05 14:15:08 UTC			
/SS_UI_v2/UI_Main/left_data/VIDEO/COLORPICKER/TOP/TRIANGLE/TRIANGLEMASK/load	text	lib/SS_UI_v2/UI_Main/left_data/VIDEO/COLORPICKER/TOP/TRIANGLE/TRIANGLEMASK/load.txt	2025-11-05 14:15:08 UTC			
/SS_UI_v2/UI_Main/left_data/VIDEO/COLORPICKER/TOP/TRIANGLE/TRIANGLEMASK/SETTINGS	base	lib/SS_UI_v2/UI_Main/left_data/VIDEO/COLORPICKER/TOP/TRIANGLE/TRIANGLEMASK/SETTINGS.tox	2025-11-05 14:15:08 UTC	False	1	2023.11760
/SS_UI_v2/UI_Main/left_data/VIDEO/COLORPICKER/TOP/TRIANGLE/TRIANGLEMASK	base	lib/SS_UI_v2/UI_Main/left_data/VIDEO/COLORPICKER/TOP/TRIANGLE/TRIANGLEMASK.tox	2025-11-05 14:15:08 UTC	False	1	2023.11760
/SS_UI_v2/UI_Main/left_data/VIDEO/COLORPICKER/TOP/TRIANGLE/TRIANGLECOLOR/stop	text	lib/SS_UI_v2/UI_Main/left_data/VIDEO/COLORPICKER/TOP/TRIANGLE/TRIANGLECOLOR/stop.txt	2025-11-05 14:15:08 UTC			
/SS_UI_v2/UI_Main/left_data/VIDEO/COLORPICKER/TOP/TRIANGLE/TRIANGLECOLOR/start	text	lib/SS_UI_v2/UI_Main/left_data/VIDEO/COLORPICKER/TOP/TRIANGLE/TRIANGLECOLOR/start.txt	2025-11-05 14:15:08 UTC			
/SS_UI_v2/UI_Main/left_data/VIDEO/COLORPICKER/TOP/TRIANGLE/TRIANGLECOLOR/reset	text	lib/SS_UI_v2/UI_Main/left_data/VIDEO/COLORPICKER/TOP/TRIANGLE/TRIANGLECOLOR/reset.txt	2025-11-05 14:15:08 UTC			
/SS_UI_v2/UI_Main/left_data/VIDEO/COLORPICKER/TOP/TRIANGLE/TRIANGLECOLOR/parexec1	parexec	lib/SS_UI_v2/UI_Main/left_data/VIDEO/COLORPICKER/TOP/TRIANGLE/TRIANGLECOLOR/parexec1.py	2025-11-05 14:15:08 UTC			
/SS_UI_v2/UI_Main/left_data/VIDEO/COLORPICKER/TOP/TRIANGLE/TRIANGLECOLOR/load	text	lib/SS_UI_v2/UI_Main/left_data/VIDEO/COLORPICKER/TOP/TRIANGLE/TRIANGLECOLOR/load.txt	2025-11-05 14:15:08 UTC			
/SS_UI_v2/UI_Main/left_data/VIDEO/COLORPICKER/TOP/TRIANGLE/TRIANGLECOLOR/SETTINGS	base	lib/SS_UI_v2/UI_Main/left_data/VIDEO/COLORPICKER/TOP/TRIANGLE/TRIANGLECOLOR/SETTINGS.tox	2025-11-05 14:15:08 UTC	False	1	2023.11760
/SS_UI_v2/UI_Main/left_data/VIDEO/COLORPICKER/TOP/TRIANGLE/TRIANGLECOLOR	base	lib/SS_UI_v2/UI_Main/left_data/VIDEO/COLORPICKER/TOP/TRIANGLE/TRIANGLECOLOR.tox	2025-11-05 14:15:08 UTC	False	1	2023.11760
/SS_UI_v2/UI_Main/left_data/VIDEO/COLORPICKER/TOP/TRIANGLE	container	lib/SS_UI_v2/UI_Main/left_data/VIDEO/COLORPICKER/TOP/TRIANGLE.tox	2025-11-05 14:15:08 UTC	False	1	2023.11760
/SS_UI_v2/UI_Main/left_data/VIDEO/COLORPICKER/TOP/RINGPOSITION/stop	text	lib/SS_UI_v2/UI_Main/left_data/VIDEO/COLORPICKER/TOP/RINGPOSITION/stop.txt	2025-11-05 14:15:08 UTC			
/SS_UI_v2/UI_Main/left_data/VIDEO/COLORPICKER/TOP/RINGPOSITION/start	text	lib/SS_UI_v2/UI_Main/left_data/VIDEO/COLORPICKER/TOP/RINGPOSITION/start.txt	2025-11-05 14:15:08 UTC			
/SS_UI_v2/UI_Main/left_data/VIDEO/COLORPICKER/TOP/RINGPOSITION/reset	text	lib/SS_UI_v2/UI_Main/left_data/VIDEO/COLORPICKER/TOP/RINGPOSITION/reset.txt	2025-11-05 14:15:08 UTC			
/SS_UI_v2/UI_Main/left_data/VIDEO/COLORPICKER/TOP/RINGPOSITION/parexec1	parexec	lib/SS_UI_v2/UI_Main/left_data/VIDEO/COLORPICKER/TOP/RINGPOSITION/parexec1.py	2025-11-05 14:15:08 UTC			
/SS_UI_v2/UI_Main/left_data/VIDEO/COLORPICKER/TOP/RINGPOSITION/load	text	lib/SS_UI_v2/UI_Main/left_data/VIDEO/COLORPICKER/TOP/RINGPOSITION/load.txt	2025-11-05 14:15:08 UTC			
/SS_UI_v2/UI_Main/left_data/VIDEO/COLORPICKER/TOP/RINGPOSITION/knob	container	lib/SS_UI_v2/UI_Main/left_data/VIDEO/COLORPICKER/TOP/RINGPOSITION/knob.tox	2025-11-05 14:15:08 UTC	False	1	2023.11760
/SS_UI_v2/UI_Main/left_data/VIDEO/COLORPICKER/TOP/RINGPOSITION/SETTINGS	base	lib/SS_UI_v2/UI_Main/left_data/VIDEO/COLORPICKER/TOP/RINGPOSITION/SETTINGS.tox	2025-11-05 14:15:08 UTC	False	1	2023.11760
/SS_UI_v2/UI_Main/left_data/VIDEO/COLORPICKER/TOP/RINGPOSITION	container	lib/SS_UI_v2/UI_Main/left_data/VIDEO/COLORPICKER/TOP/RINGPOSITION.tox	2025-11-05 14:15:08 UTC	False	1	2023.11760
/SS_UI_v2/UI_Main/left_data/VIDEO/COLORPICKER/TOP/RINGCONSTRAINT/stop	text	lib/SS_UI_v2/UI_Main/left_data/VIDEO/COLORPICKER/TOP/RINGCONSTRAINT/stop.txt	2025-11-05 14:15:08 UTC			
/SS_UI_v2/UI_Main/left_data/VIDEO/COLORPICKER/TOP/RINGCONSTRAINT/start	text	lib/SS_UI_v2/UI_Main/left_data/VIDEO/COLORPICKER/TOP/RINGCONSTRAINT/start.txt	2025-11-05 14:15:08 UTC			
/SS_UI_v2/UI_Main/left_data/VIDEO/COLORPICKER/TOP/RINGCONSTRAINT/reset	text	lib/SS_UI_v2/UI_Main/left_data/VIDEO/COLORPICKER/TOP/RINGCONSTRAINT/reset.txt	2025-11-05 14:15:08 UTC			
/SS_UI_v2/UI_Main/left_data/VIDEO/COLORPICKER/TOP/RINGCONSTRAINT/parexec1	parexec	lib/SS_UI_v2/UI_Main/left_data/VIDEO/COLORPICKER/TOP/RINGCONSTRAINT/parexec1.py	2025-11-05 14:15:08 UTC			
/SS_UI_v2/UI_Main/left_data/VIDEO/COLORPICKER/TOP/RINGCONSTRAINT/load	text	lib/SS_UI_v2/UI_Main/left_data/VIDEO/COLORPICKER/TOP/RINGCONSTRAINT/load.txt	2025-11-05 14:15:08 UTC			
/SS_UI_v2/UI_Main/left_data/VIDEO/COLORPICKER/TOP/RINGCONSTRAINT/chopexec1	chopexec	lib/SS_UI_v2/UI_Main/left_data/VIDEO/COLORPICKER/TOP/RINGCONSTRAINT/chopexec1.py	2025-11-05 14:15:08 UTC			
/SS_UI_v2/UI_Main/left_data/VIDEO/COLORPICKER/TOP/RINGCONSTRAINT/SETTINGS	base	lib/SS_UI_v2/UI_Main/left_data/VIDEO/COLORPICKER/TOP/RINGCONSTRAINT/SETTINGS.tox	2025-11-05 14:15:08 UTC	False	1	2023.11760
/SS_UI_v2/UI_Main/left_data/VIDEO/COLORPICKER/TOP/RINGCONSTRAINT	base	lib/SS_UI_v2/UI_Main/left_data/VIDEO/COLORPICKER/TOP/RINGCONSTRAINT.tox	2025-11-05 14:15:08 UTC	False	1	2023.11760
/SS_UI_v2/UI_Main/left_data/VIDEO/COLORPICKER/TOP/CIRCULARCOLOR/ramp5_keys	table	lib/SS_UI_v2/UI_Main/left_data/VIDEO/COLORPICKER/TOP/CIRCULARCOLOR/ramp5_keys.tsv	2025-11-05 14:15:08 UTC			
/SS_UI_v2/UI_Main/left_data/VIDEO/COLORPICKER/TOP/CIRCULARCOLOR/ramp4_keys	table	lib/SS_UI_v2/UI_Main/left_data/VIDEO/COLORPICKER/TOP/CIRCULARCOLOR/ramp4_keys.tsv	2025-11-05 14:15:08 UTC			
/SS_UI_v2/UI_Main/left_data/VIDEO/COLORPICKER/TOP/CIRCULARCOLOR	base	lib/SS_UI_v2/UI_Main/left_data/VIDEO/COLORPICKER/TOP/CIRCULARCOLOR.tox	2025-11-05 14:15:08 UTC	False	1	2023.11760
/SS_UI_v2/UI_Main/left_data/VIDEO/COLORPICKER/TOP	container	lib/SS_UI_v2/UI_Main/left_data/VIDEO/COLORPICKER/TOP.tox	2025-11-05 14:15:08 UTC	False	1	2023.11760
/SS_UI_v2/UI_Main/left_data/VIDEO/COLORPICKER	slider	lib/SS_UI_v2/UI_Main/left_data/VIDEO/COLORPICKER.tox	2025-11-05 14:15:08 UTC	False	1	2023.11760
/SS_UI_v2/UI_Main/left_data/SETTINGS/wavform_4/geo2	geo	lib/SS_UI_v2/UI_Main/left_data/SETTINGS/wavform_4/geo2.tox	2025-11-05 14:15:08 UTC	False	1	2023.11760
/SS_UI_v2/UI_Main/left_data/SETTINGS/wavform_4/geo1	geo	lib/SS_UI_v2/UI_Main/left_data/SETTINGS/wavform_4/geo1.tox	2025-11-05 14:15:08 UTC	False	1	2023.11760
/SS_UI_v2/UI_Main/left_data/SETTINGS/wavform_4/cam2	cam	lib/SS_UI_v2/UI_Main/left_data/SETTINGS/wavform_4/cam2.tox	2025-11-05 14:15:08 UTC	False	1	2023.11760
/SS_UI_v2/UI_Main/left_data/SETTINGS/wavform_4/cam1	cam	lib/SS_UI_v2/UI_Main/left_data/SETTINGS/wavform_4/cam1.tox	2025-11-05 14:15:08 UTC	False	1	2023.11760
/SS_UI_v2/UI_Main/left_data/SETTINGS/wavform_3/geo2	geo	lib/SS_UI_v2/UI_Main/left_data/SETTINGS/wavform_3/geo2.tox	2025-11-05 14:15:08 UTC	False	1	2023.11760
/SS_UI_v2/UI_Main/left_data/SETTINGS/wavform_3/geo1	geo	lib/SS_UI_v2/UI_Main/left_data/SETTINGS/wavform_3/geo1.tox	2025-11-05 14:15:08 UTC	False	1	2023.11760
/SS_UI_v2/UI_Main/left_data/SETTINGS/wavform_3/cam2	cam	lib/SS_UI_v2/UI_Main/left_data/SETTINGS/wavform_3/cam2.tox	2025-11-05 14:15:08 UTC	False	1	2023.11760
/SS_UI_v2/UI_Main/left_data/SETTINGS/wavform_3/cam1	cam	lib/SS_UI_v2/UI_Main/left_data/SETTINGS/wavform_3/cam1.tox	2025-11-05 14:15:08 UTC	False	1	2023.11760
/SS_UI_v2/UI_Main/left_data/SETTINGS/wavform_2/geo2	geo	lib/SS_UI_v2/UI_Main/left_data/SETTINGS/wavform_2/geo2.tox	2025-11-05 14:15:08 UTC	False	1	2023.11760
/SS_UI_v2/UI_Main/left_data/SETTINGS/wavform_2/geo1	geo	lib/SS_UI_v2/UI_Main/left_data/SETTINGS/wavform_2/geo1.tox	2025-11-05 14:15:08 UTC	False	1	2023.11760
/SS_UI_v2/UI_Main/left_data/SETTINGS/wavform_2/cam2	cam	lib/SS_UI_v2/UI_Main/left_data/SETTINGS/wavform_2/cam2.tox	2025-11-05 14:15:08 UTC	False	1	2023.11760
/SS_UI_v2/UI_Main/left_data/SETTINGS/wavform_2/cam1	cam	lib/SS_UI_v2/UI_Main/left_data/SETTINGS/wavform_2/cam1.tox	2025-11-05 14:15:08 UTC	False	1	2023.11760
/SS_UI_v2/UI_Main/left_data/SETTINGS/wavform_1/geo2	geo	lib/SS_UI_v2/UI_Main/left_data/SETTINGS/wavform_1/geo2.tox	2025-11-05 14:15:08 UTC	False	1	2023.11760
/SS_UI_v2/UI_Main/left_data/SETTINGS/wavform_1/geo1	geo	lib/SS_UI_v2/UI_Main/left_data/SETTINGS/wavform_1/geo1.tox	2025-11-05 14:15:08 UTC	False	1	2023.11760
/SS_UI_v2/UI_Main/left_data/SETTINGS/wavform_1/cam2	cam	lib/SS_UI_v2/UI_Main/left_data/SETTINGS/wavform_1/cam2.tox	2025-11-05 14:15:08 UTC	False	1	2023.11760
/SS_UI_v2/UI_Main/left_data/SETTINGS/wavform_1/cam1	cam	lib/SS_UI_v2/UI_Main/left_data/SETTINGS/wavform_1/cam1.tox	2025-11-05 14:15:08 UTC	False	1	2023.11760
/SS_UI_v2/UI_Main/left_data/SETTINGS/audio_routing/container1/chopexec1	chopexec	lib/SS_UI_v2/UI_Main/left_data/SETTINGS/audio_routing/container1/chopexec1.py	2025-11-05 14:15:08 UTC			
/SS_UI_v2/UI_Main/left_data/SETTINGS/audio_routing/audio_select/v_select/videodevs1_callbacks	text	lib/SS_UI_v2/UI_Main/left_data/SETTINGS/audio_routing/audio_select/v_select/videodevs1_callbacks.py	2025-11-05 14:15:08 UTC			
/SS_UI_v2/UI_Main/left_data/SETTINGS/audio_routing/audio_select/a_select3/audiodevs1_callbacks	text	lib/SS_UI_v2/UI_Main/left_data/SETTINGS/audio_routing/audio_select/a_select3/audiodevs1_callbacks.py	2025-11-05 14:15:08 UTC			
/SS_UI_v2/UI_Main/left_data/SETTINGS/audio_routing/audio_select/a_select2/audiodevs1_callbacks	text	lib/SS_UI_v2/UI_Main/left_data/SETTINGS/audio_routing/audio_select/a_select2/audiodevs1_callbacks.py	2025-11-05 14:15:08 UTC			
/SS_UI_v2/UI_Main/left_data/SETTINGS/audio_routing/audio_select/a_select1/audiodevs1_callbacks	text	lib/SS_UI_v2/UI_Main/left_data/SETTINGS/audio_routing/audio_select/a_select1/audiodevs1_callbacks.py	2025-11-05 14:15:08 UTC			
/SS_UI_v2/UI_Main/left_data/MAIN/vertical_vu/AudioSpectrumBasic1	container	lib/SS_UI_v2/UI_Main/left_data/MAIN/vertical_vu/AudioSpectrumBasic1.tox	2025-11-05 14:15:08 UTC	False	1	2023.11760
/SS_UI_v2/UI_Main/left_data/MAIN/vertical_vu/AudioSpectrumBasic	container	lib/SS_UI_v2/UI_Main/left_data/MAIN/vertical_vu/AudioSpectrumBasic.tox	2025-11-05 14:15:08 UTC	False	1	2023.11760
/SS_UI_v2/UI_Main/left_data/MAIN/help_me/chopexec3	chopexec	lib/SS_UI_v2/UI_Main/left_data/MAIN/help_me/chopexec3.py	2025-11-05 14:15:08 UTC			
/SS_UI_v2/UI_Main/left_data/MAIN/help_me/chopexec2	chopexec	lib/SS_UI_v2/UI_Main/left_data/MAIN/help_me/chopexec2.py	2025-11-05 14:15:08 UTC			
/SS_UI_v2/UI_Main/left_data/MAIN/help_me/chopexec1	chopexec	lib/SS_UI_v2/UI_Main/left_data/MAIN/help_me/chopexec1.py	2025-11-05 14:15:08 UTC			
/SS_UI_v2/UI_Main/left_data/MAIN/action_button/text1	text	lib/SS_UI_v2/UI_Main/left_data/MAIN/action_button/text1.txt	2025-11-05 14:15:08 UTC			
/SS_UI_v2/UI_Main/left_data/MAIN/action_button/reboot_execute	chopexec	lib/SS_UI_v2/UI_Main/left_data/MAIN/action_button/reboot_execute.py	2025-11-05 14:15:08 UTC			
/SS_UI_v2/UI_Main/left_data/MAIN/action_button/execute1	execute	lib/SS_UI_v2/UI_Main/left_data/MAIN/action_button/execute1.py	2025-11-05 14:15:08 UTC			
/SS_UI_v2/UI_Main/left_data/MAIN/2_audio_things/viz2/table1	table	lib/SS_UI_v2/UI_Main/left_data/MAIN/2_audio_things/viz2/table1.tsv	2025-11-05 14:15:08 UTC			
/SS_UI_v2/UI_Main/left_data/MAIN/2_audio_things/viz2	container	lib/SS_UI_v2/UI_Main/left_data/MAIN/2_audio_things/viz2.tox	2025-11-05 14:15:08 UTC	False	1	2023.11760
/SS_UI_v2/UI_Main/left_data/MAIN/2_audio_things/tc_compare/tc_video	container	lib/SS_UI_v2/UI_Main/left_data/MAIN/2_audio_things/tc_compare/tc_video.tox	2025-11-05 14:15:08 UTC	False	1	2023.11760
/SS_UI_v2/UI_Main/left_data/MAIN/2_audio_things/tc_compare/tc_active	container	lib/SS_UI_v2/UI_Main/left_data/MAIN/2_audio_things/tc_compare/tc_active.tox	2025-11-05 14:15:08 UTC	False	1	2023.11760
/SS_UI_v2/UI_Main/left_data/MAIN/2_audio_things/tc_compare/table1	table	lib/SS_UI_v2/UI_Main/left_data/MAIN/2_audio_things/tc_compare/table1.tsv	2025-11-05 14:15:08 UTC			
/SS_UI_v2/UI_Main/left_data/MAIN/2_audio_things/tc_compare	container	lib/SS_UI_v2/UI_Main/left_data/MAIN/2_audio_things/tc_compare.tox	2025-11-05 14:15:08 UTC	False	1	2023.11760
/SS_UI_v2/UI_Main/left_data/MAIN/0_record_long/container4	container	lib/SS_UI_v2/UI_Main/left_data/MAIN/0_record_long/container4.tox	2025-11-05 14:15:08 UTC	False	1	2023.11760
/SS_UI_v2/UI_Main/left_data/MAIN/0_record_long/container3	container	lib/SS_UI_v2/UI_Main/left_data/MAIN/0_record_long/container3.tox	2025-11-05 14:15:08 UTC	False	1	2023.11760
/SS_UI_v2/UI_Main/left_data/MAIN/0_record/container2	container	lib/SS_UI_v2/UI_Main/left_data/MAIN/0_record/container2.tox	2025-11-05 14:15:08 UTC	False	1	2023.11760
/SS_UI_v2/UI_Main/left_data/MAIN/0_record/container1	container	lib/SS_UI_v2/UI_Main/left_data/MAIN/0_record/container1.tox	2025-11-05 14:15:08 UTC	False	1	2023.11760
/SS_UI_v2/UI_Main/color_master	base	lib/SS_UI_v2/UI_Main/color_master.tox	2025-11-05 14:15:08 UTC	False	1	2023.11760
